date,crop,mandi,arrival_tonnes,min_price,max_price,model_price,weather
2025-10-28,Onion,Delhi,296.95,1391,2093,1624,Sunny
2025-01-08,Mustard,Kanpur,26.85,1636,2431,1996,Humid
2025-12-29,Maize,Bhopal,325.5,1177,1713,1611,Rainy
2025-01-11,Wheat,Bhopal,313.34,1430,1941,1576,Cloudy
2025-11-13,Maize,Delhi,379.12,1923,2138,1936,Cloudy
2025-05-24,Wheat,Delhi,328.67,1638,1919,1837,Humid
2025-04-12,Onion,Jaipur,420.87,1342,2015,1375,Sunny
2025-09-17,Onion,Jaipur,485.79,2401,2610,2558,Sunny
2025-10-12,Mustard,Bhopal,119.63,1248,1356,1293,Cloudy
2025-02-18,Rice,Bhopal,189.2,1004,1599,1071,Rainy
2025-02-03,Maize,Jaipur,406.42,1859,1986,1946,Sunny
2025-08-26,Onion,Delhi,259.97,1332,1614,1496,Foggy
2025-01-30,Wheat,Delhi,413.19,839,943,883,Rainy
2025-04-20,Potato,Jaipur,325.49,1062,1838,1783,Cloudy
2025-12-27,Maize,Jaipur,471.09,868,1556,1089,Sunny
2025-01-04,Mustard,Lucknow,230.69,1826,2064,1885,Rainy
2025-08-10,Maize,Kanpur,295.41,854,1189,967,Rainy
2025-03-09,Mustard,Delhi,227.53,1215,1865,1466,Foggy
2025-06-08,Onion,Lucknow,62.68,1211,1320,1318,Sunny
2025-02-09,Mustard,Delhi,158.34,1707,2502,2124,Sunny
2025-04-14,Rice,Lucknow,490.93,1361,1679,1523,Humid
2025-01-19,Maize,Lucknow,392.08,942,1740,1470,Sunny
2025-07-04,Potato,Kanpur,137.08,803,1235,1004,Humid
2025-05-25,Wheat,Delhi,228.84,1803,2299,2164,Foggy
2025-11-06,Rice,Jaipur,334.94,1388,1694,1408,Foggy
2025-08-21,Rice,Bhopal,333.42,2358,2907,2859,Sunny
2025-04-15,Potato,Jaipur,177.0,1994,2400,2268,Sunny
2025-11-26,Maize,Delhi,75.27,924,1286,1253,Rainy
2025-04-10,Potato,Bhopal,328.06,1475,1717,1544,Sunny
2025-05-07,Maize,Jaipur,488.5,2047,2475,2220,Humid
2025-03-16,Potato,Jaipur,439.88,2442,2805,2687,Rainy
2025-10-30,Onion,Jaipur,485.95,1752,2033,2025,Sunny
2025-10-25,Mustard,Delhi,251.94,2019,2673,2403,Cloudy
2025-10-25,Rice,Lucknow,35.99,1285,2042,1661,Sunny
2025-01-26,Onion,Bhopal,372.93,2095,2628,2250,Foggy
2025-06-21,Rice,Indore,239.16,1126,1260,1147,Cloudy
2025-02-17,Onion,Bhopal,38.34,2466,3021,2767,Foggy
2025-11-10,Mustard,Lucknow,216.14,1574,2097,1898,Humid
2025-01-29,Onion,Delhi,455.7,1163,1885,1419,Foggy
2025-08-15,Potato,Kanpur,396.12,2158,2370,2236,Sunny
2025-08-31,Wheat,Delhi,404.29,889,1230,904,Foggy
2025-06-15,Rice,Indore,200.54,1071,1500,1156,Cloudy
2025-05-11,Wheat,Indore,226.01,1997,2741,2599,Cloudy
2025-04-27,Wheat,Kanpur,54.5,853,1147,1078,Rainy
2025-09-16,Onion,Bhopal,229.31,1449,1580,1569,Foggy
2025-12-17,Rice,Lucknow,431.58,1410,1860,1599,Foggy
2025-10-04,Wheat,Indore,32.23,2062,2579,2110,Rainy
2025-01-14,Maize,Kanpur,439.39,1678,2153,2140,Sunny
2025-06-02,Rice,Kanpur,452.16,853,1583,1286,Humid
2025-10-25,Wheat,Lucknow,132.03,1484,2036,1985,Rainy
2025-02-06,Potato,Delhi,61.46,2167,2480,2263,Foggy
2025-05-06,Mustard,Kanpur,353.09,1571,1804,1650,Cloudy
2025-02-28,Wheat,Indore,323.87,2497,2946,2796,Humid
2025-12-29,Rice,Jaipur,299.12,1947,2586,2146,Cloudy
2025-08-22,Mustard,Bhopal,269.75,1167,1508,1234,Cloudy
2025-02-11,Maize,Lucknow,414.42,949,1343,1109,Humid
2025-12-17,Rice,Kanpur,466.71,1673,2000,1981,Foggy
2025-08-23,Onion,Kanpur,40.18,2258,2818,2813,Cloudy
2025-10-08,Maize,Delhi,378.95,1682,2078,1819,Foggy
2025-06-07,Maize,Delhi,367.3,2445,2792,2545,Cloudy
2025-08-12,Maize,Bhopal,416.94,1362,1864,1718,Foggy
2025-02-09,Maize,Jaipur,142.41,1839,2388,2332,Rainy
2025-08-26,Maize,Lucknow,129.48,1870,2299,2258,Sunny
2025-11-10,Onion,Jaipur,462.45,2387,2740,2467,Foggy
2025-09-30,Maize,Bhopal,461.31,1199,1941,1330,Sunny
2025-11-12,Potato,Lucknow,99.67,1440,1583,1527,Foggy
2025-07-06,Maize,Delhi,337.17,1350,2075,1609,Cloudy
2025-04-22,Onion,Lucknow,18.56,1749,2464,1995,Sunny
2025-11-20,Mustard,Bhopal,372.88,861,1625,1114,Sunny
2025-11-07,Maize,Delhi,204.41,1185,1687,1563,Cloudy
2025-07-29,Potato,Kanpur,270.06,1604,2212,2121,Sunny
2025-02-08,Onion,Indore,315.19,1397,1669,1576,Sunny
2025-05-05,Wheat,Indore,134.56,1874,2598,2279,Sunny
2025-07-13,Potato,Lucknow,157.41,1395,1516,1439,Cloudy
2025-02-19,Rice,Delhi,130.74,1082,1481,1409,Cloudy
2025-04-14,Maize,Jaipur,311.98,1334,1758,1565,Foggy
2025-11-22,Wheat,Jaipur,389.98,2162,2420,2287,Sunny
2025-11-16,Rice,Lucknow,17.28,1143,1350,1282,Cloudy
2025-02-03,Onion,Kanpur,80.72,1511,1837,1791,Sunny
2025-05-23,Potato,Lucknow,166.12,1544,1968,1942,Sunny
2025-01-28,Maize,Kanpur,107.11,1771,2496,2444,Sunny
2025-07-10,Rice,Lucknow,294.4,963,1621,1468,Rainy
2025-09-16,Onion,Jaipur,340.82,1392,2066,2042,Sunny
2025-07-07,Potato,Kanpur,59.0,1311,1555,1539,Cloudy
2025-04-17,Mustard,Indore,231.13,1701,2037,1797,Sunny
2025-12-21,Mustard,Jaipur,18.53,2474,3183,2660,Cloudy
2025-01-26,Wheat,Bhopal,92.46,2239,2342,2334,Cloudy
2025-08-17,Onion,Indore,78.36,1494,2208,1960,Sunny
2025-02-16,Mustard,Delhi,58.75,2435,2843,2660,Sunny
2025-09-25,Onion,Lucknow,463.84,1681,2449,1713,Humid
2025-08-31,Potato,Lucknow,101.49,1261,1471,1444,Humid
2025-08-31,Onion,Kanpur,10.34,1378,2018,1926,Rainy
2025-08-23,Onion,Bhopal,351.12,1617,1922,1861,Foggy
2025-05-01,Rice,Bhopal,241.07,1960,2355,2003,Rainy
2025-07-27,Onion,Bhopal,164.09,864,1216,967,Rainy
2025-03-11,Maize,Lucknow,193.34,885,1224,1003,Humid
2025-04-15,Wheat,Lucknow,142.39,1618,2302,2097,Sunny
2025-11-23,Rice,Jaipur,322.42,1239,1974,1500,Foggy
2025-04-28,Wheat,Bhopal,259.76,1571,2086,1757,Foggy
2025-07-16,Maize,Lucknow,470.09,1242,1912,1414,Cloudy
2025-05-05,Wheat,Lucknow,323.27,2080,2743,2663,Sunny
2025-05-22,Onion,Bhopal,65.68,1541,1830,1743,Foggy
2025-03-14,Potato,Jaipur,263.61,1176,1730,1334,Humid
2025-08-10,Maize,Delhi,22.82,1536,2271,1743,Sunny
2025-01-31,Mustard,Lucknow,259.07,1151,1354,1289,Rainy
2025-03-15,Wheat,Indore,322.64,1029,1727,1082,Sunny
2025-06-18,Mustard,Bhopal,242.75,2007,2376,2108,Foggy
2025-08-05,Wheat,Delhi,363.64,2127,2544,2267,Sunny
2025-03-26,Rice,Lucknow,284.7,1922,2546,2107,Foggy
2025-02-06,Wheat,Delhi,172.52,1311,1963,1900,Rainy
2025-06-03,Maize,Indore,133.02,2351,2894,2782,Sunny
2025-06-21,Onion,Indore,454.71,1747,2444,1916,Rainy
2025-12-30,Maize,Lucknow,302.42,1179,1463,1206,Sunny
2025-04-27,Maize,Delhi,352.37,1644,1768,1709,Sunny
2025-02-24,Potato,Bhopal,383.14,2196,2569,2398,Foggy
2025-10-23,Onion,Bhopal,148.98,943,1596,1261,Rainy
2025-02-27,Potato,Bhopal,272.93,1321,1585,1560,Rainy
2025-09-02,Potato,Bhopal,241.9,2088,2744,2473,Foggy
2025-12-05,Wheat,Indore,36.68,807,1217,941,Rainy
2025-05-07,Onion,Jaipur,243.96,1539,1847,1729,Rainy
2025-04-12,Rice,Lucknow,215.96,801,995,839,Humid
2025-03-28,Maize,Kanpur,349.11,2071,2585,2363,Humid
2025-07-28,Onion,Jaipur,186.55,1765,2515,2153,Rainy
2025-07-06,Mustard,Kanpur,198.94,1298,1652,1495,Cloudy
2025-11-24,Onion,Indore,228.57,892,1025,978,Rainy
2025-11-24,Wheat,Indore,410.39,1133,1473,1235,Cloudy
2025-03-07,Rice,Lucknow,374.52,2319,2855,2692,Humid
2025-03-21,Rice,Indore,77.89,1259,1986,1710,Foggy
2025-08-21,Onion,Delhi,245.62,2488,2860,2584,Humid
2025-11-15,Mustard,Bhopal,96.42,2052,2275,2173,Foggy
2025-12-20,Potato,Lucknow,375.52,2493,3258,2596,Foggy
2025-08-15,Potato,Jaipur,339.18,998,1226,1015,Foggy
2025-04-26,Onion,Bhopal,187.82,1451,2247,2006,Rainy
2025-11-20,Onion,Bhopal,110.78,1702,2060,1887,Humid
2025-06-11,Potato,Bhopal,276.91,2231,2440,2347,Foggy
2025-06-23,Wheat,Bhopal,211.08,968,1487,1299,Sunny
2025-08-11,Wheat,Indore,433.54,1934,2043,1947,Rainy
2025-11-12,Rice,Kanpur,480.97,2405,3192,3024,Foggy
2025-07-23,Wheat,Indore,373.99,2194,2807,2452,Humid
2025-11-12,Wheat,Jaipur,252.84,1057,1732,1561,Sunny
2025-03-15,Maize,Delhi,226.89,2278,2711,2310,Sunny
2025-07-27,Onion,Delhi,449.33,2465,2833,2739,Humid
2025-05-08,Mustard,Lucknow,51.23,2461,2986,2865,Sunny
2025-09-27,Potato,Lucknow,56.41,923,1150,1127,Foggy
2025-08-21,Mustard,Delhi,283.52,2325,2638,2517,Cloudy
2025-09-13,Onion,Lucknow,237.2,1906,2119,2063,Rainy
2025-12-01,Mustard,Jaipur,422.35,1774,2073,1780,Foggy
2025-12-18,Mustard,Bhopal,30.1,2363,2700,2600,Rainy
2025-06-13,Mustard,Jaipur,283.66,1490,1878,1573,Rainy
2025-02-07,Rice,Bhopal,239.4,2096,2747,2557,Foggy
2025-04-26,Maize,Bhopal,69.14,1947,2682,2241,Humid
2025-11-20,Rice,Jaipur,207.69,2195,2662,2644,Cloudy
2025-08-10,Rice,Indore,393.87,1461,1599,1548,Foggy
2025-08-30,Rice,Indore,337.13,1389,2085,1496,Cloudy
2025-09-26,Rice,Kanpur,127.77,1725,2325,1969,Foggy
2025-04-19,Maize,Lucknow,166.06,803,1170,989,Rainy
2025-07-07,Maize,Lucknow,401.23,1334,1772,1377,Rainy
2025-03-30,Wheat,Kanpur,319.9,845,1386,959,Sunny
2025-04-07,Maize,Bhopal,326.98,1707,2007,1714,Sunny
2025-12-21,Wheat,Jaipur,202.42,1706,2109,1826,Humid
2025-01-16,Maize,Bhopal,73.36,1641,2338,1930,Sunny
2025-06-15,Wheat,Delhi,391.36,1842,2120,2007,Cloudy
2025-12-15,Mustard,Bhopal,234.93,1378,1852,1573,Humid
2025-06-01,Mustard,Indore,406.16,2123,2264,2204,Cloudy
2025-12-27,Maize,Bhopal,300.92,2371,3090,3006,Cloudy
2025-03-07,Onion,Bhopal,68.61,1609,2084,1945,Foggy
2025-08-20,Mustard,Delhi,207.3,2277,2591,2508,Humid
2025-03-12,Mustard,Bhopal,263.86,1925,2485,2281,Humid
2025-12-22,Mustard,Bhopal,216.75,895,1674,1326,Sunny
2025-04-16,Maize,Delhi,425.67,2363,2772,2373,Cloudy
2025-06-09,Potato,Delhi,417.41,1127,1881,1235,Rainy
2025-08-27,Rice,Jaipur,278.79,2482,3282,2787,Foggy
2025-01-24,Rice,Kanpur,257.26,1510,1630,1616,Humid
2025-10-24,Onion,Kanpur,202.85,1964,2235,1995,Cloudy
2025-12-13,Mustard,Kanpur,342.2,2314,2933,2888,Cloudy
2025-04-16,Mustard,Jaipur,34.21,1157,1339,1217,Cloudy
2025-05-30,Maize,Delhi,403.38,1452,1978,1473,Foggy
2025-04-09,Onion,Indore,205.19,1905,2524,2009,Rainy
2025-06-29,Onion,Jaipur,438.64,1238,1953,1616,Humid
2025-12-26,Wheat,Kanpur,74.48,1057,1345,1323,Cloudy
2025-12-17,Wheat,Indore,295.9,1391,1832,1799,Cloudy
2025-04-25,Onion,Jaipur,370.3,2157,2635,2259,Humid
2025-02-10,Mustard,Indore,350.36,963,1550,1048,Cloudy
2025-02-10,Rice,Delhi,411.75,1362,1740,1606,Cloudy
2025-10-21,Potato,Delhi,399.15,1950,2362,2288,Sunny
2025-12-28,Potato,Jaipur,377.66,1068,1804,1276,Cloudy
2025-12-13,Onion,Lucknow,305.92,1206,1388,1284,Sunny
2025-07-15,Potato,Lucknow,255.36,2390,2591,2438,Rainy
2025-07-28,Onion,Kanpur,465.13,1175,1754,1637,Cloudy
2025-10-22,Onion,Lucknow,464.93,1623,1962,1953,Foggy
2025-06-09,Potato,Bhopal,167.76,1529,2171,1725,Cloudy
2025-04-14,Wheat,Bhopal,385.4,2148,2910,2534,Rainy
2025-12-22,Maize,Kanpur,499.04,1616,2322,2009,Sunny
2025-04-30,Potato,Lucknow,327.78,2219,2710,2488,Cloudy
2025-03-01,Onion,Jaipur,47.48,825,1505,861,Humid
2025-04-20,Onion,Bhopal,140.06,1225,1513,1334,Cloudy
2025-06-02,Onion,Jaipur,325.41,1420,1917,1520,Cloudy
2025-03-31,Wheat,Delhi,420.72,916,1379,1067,Humid
2025-10-10,Mustard,Kanpur,452.19,1366,1469,1374,Humid
2025-09-14,Mustard,Indore,444.01,2059,2377,2263,Humid
2025-05-12,Rice,Delhi,331.57,1987,2259,2188,Cloudy
2025-05-19,Mustard,Indore,429.56,1924,2158,2004,Rainy
2025-06-21,Mustard,Delhi,95.84,1117,1581,1467,Humid
2025-01-25,Wheat,Indore,144.48,1345,1725,1605,Humid
2025-05-06,Potato,Indore,479.48,1656,2183,2091,Foggy
2025-02-11,Rice,Indore,259.65,1383,2039,1438,Foggy
2025-01-08,Potato,Lucknow,149.74,1846,2204,2047,Foggy
2025-04-12,Onion,Lucknow,176.52,2065,2311,2228,Sunny
2025-04-26,Onion,Bhopal,261.42,2188,2933,2479,Cloudy
2025-02-25,Onion,Bhopal,91.33,1074,1438,1325,Rainy
2025-03-05,Maize,Kanpur,192.99,866,1054,1036,Foggy
2025-04-05,Maize,Delhi,364.44,1845,2390,2308,Cloudy
2025-12-15,Rice,Delhi,257.03,2296,2603,2377,Foggy
2025-06-25,Mustard,Jaipur,33.63,970,1650,1507,Foggy
2025-11-18,Wheat,Kanpur,495.96,2033,2761,2727,Sunny
2025-05-01,Wheat,Delhi,103.25,1998,2157,2115,Rainy
2025-04-19,Potato,Indore,345.41,1125,1550,1272,Foggy
2025-09-20,Onion,Lucknow,92.17,2406,3068,2985,Sunny
2025-09-27,Maize,Delhi,10.01,1283,1949,1775,Rainy
2025-03-21,Maize,Indore,493.42,1755,2436,2241,Cloudy
2025-04-25,Rice,Kanpur,135.77,1817,2498,2358,Humid
2025-05-27,Wheat,Kanpur,442.91,2239,2730,2543,Rainy
2025-06-05,Maize,Bhopal,378.85,2386,2716,2436,Sunny
2025-11-21,Maize,Kanpur,62.6,1502,2124,1859,Foggy
2025-12-03,Mustard,Jaipur,379.06,1272,1947,1492,Rainy
2025-05-08,Potato,Kanpur,482.25,2152,2906,2655,Cloudy
2025-08-29,Wheat,Jaipur,285.03,1887,2680,2354,Foggy
2025-11-03,Onion,Delhi,278.82,1212,1451,1324,Foggy
2025-09-25,Wheat,Jaipur,357.59,2131,2545,2424,Humid
2025-04-10,Potato,Bhopal,475.56,895,1104,905,Rainy
2025-01-29,Potato,Jaipur,178.96,1936,2246,2007,Cloudy
2025-10-04,Onion,Bhopal,424.34,1411,1867,1715,Cloudy
2025-03-14,Mustard,Indore,426.86,1486,1613,1609,Foggy
2025-07-03,Potato,Kanpur,324.89,1902,2104,2087,Rainy
2025-12-03,Maize,Lucknow,84.56,1710,2228,1860,Rainy
2025-11-16,Maize,Lucknow,428.27,2456,2558,2510,Foggy
2025-01-29,Mustard,Indore,388.62,2034,2273,2218,Foggy
2025-07-08,Mustard,Lucknow,311.77,2041,2485,2041,Rainy
2025-04-28,Maize,Lucknow,161.87,2444,3165,2643,Humid
2025-09-30,Maize,Jaipur,433.47,1852,2589,2139,Foggy
2025-02-02,Wheat,Delhi,242.98,1285,1812,1438,Sunny
2025-05-04,Potato,Jaipur,39.79,1827,2492,2131,Humid
2025-04-15,Maize,Bhopal,328.61,2183,2579,2375,Foggy
2025-02-21,Onion,Delhi,41.21,990,1377,1231,Foggy
2025-03-04,Mustard,Delhi,62.41,1466,1893,1880,Sunny
2025-12-09,Onion,Indore,237.31,906,1059,971,Humid
2025-07-10,Mustard,Lucknow,112.3,846,1447,1167,Sunny
2025-01-20,Maize,Lucknow,39.07,1016,1628,1568,Cloudy
2025-05-25,Onion,Jaipur,206.65,1574,2154,2152,Foggy
2025-08-15,Wheat,Jaipur,317.65,1568,1986,1763,Cloudy
2025-06-20,Maize,Jaipur,361.71,821,1363,1084,Rainy
2025-06-12,Maize,Delhi,26.18,2013,2400,2371,Cloudy
2025-09-22,Onion,Lucknow,56.27,1599,2066,1867,Cloudy
2025-01-03,Mustard,Delhi,15.97,1145,1797,1753,Rainy
2025-11-20,Mustard,Indore,80.37,1694,1900,1767,Foggy
2025-05-15,Maize,Indore,62.0,1570,1677,1671,Sunny
2025-12-07,Wheat,Kanpur,425.34,2001,2493,2010,Foggy
2025-01-13,Rice,Indore,466.67,2322,3046,2520,Humid
2025-09-04,Potato,Jaipur,396.18,2094,2342,2190,Rainy
2025-08-19,Potato,Delhi,421.56,1114,1579,1159,Rainy
2025-12-07,Maize,Bhopal,450.27,1656,2147,2049,Sunny
2025-06-30,Potato,Lucknow,484.05,1761,1900,1782,Foggy
2025-05-19,Maize,Kanpur,447.49,2487,3161,2944,Humid
2025-11-06,Rice,Delhi,413.97,1230,1876,1716,Foggy
2025-09-11,Rice,Bhopal,203.94,2325,2907,2793,Foggy
2025-08-22,Mustard,Lucknow,388.98,1449,2062,1853,Sunny
2025-06-26,Maize,Indore,248.97,1032,1653,1495,Cloudy
2025-11-15,Onion,Indore,164.4,953,1114,1014,Foggy
2025-04-23,Mustard,Jaipur,445.4,822,1359,1248,Foggy
2025-05-09,Rice,Delhi,468.72,1873,2282,1926,Sunny
2025-01-02,Mustard,Indore,372.21,2413,3031,2872,Humid
2025-09-04,Maize,Indore,457.65,1994,2118,2000,Cloudy
2025-01-13,Mustard,Lucknow,122.94,2337,2483,2399,Rainy
2025-08-26,Rice,Kanpur,26.98,1496,1779,1531,Humid
2025-11-13,Rice,Lucknow,372.46,2498,3211,3201,Sunny
2025-11-20,Wheat,Bhopal,72.02,2391,2623,2419,Sunny
2025-12-11,Maize,Kanpur,37.05,1126,1445,1254,Humid
2025-05-22,Maize,Delhi,271.48,1165,1452,1398,Foggy
2025-12-23,Rice,Bhopal,55.8,1975,2109,2094,Cloudy
2025-10-28,Wheat,Delhi,52.59,1448,1932,1811,Cloudy
2025-06-06,Rice,Indore,36.98,1625,2020,1878,Humid
2025-06-22,Maize,Lucknow,64.73,1491,1943,1523,Humid
2025-12-09,Mustard,Indore,148.91,1345,1527,1429,Foggy
2025-07-21,Maize,Lucknow,148.35,1156,1900,1872,Sunny
2025-10-26,Rice,Jaipur,11.39,2372,2656,2513,Sunny
2025-03-02,Wheat,Indore,131.65,1649,2005,1891,Cloudy
2025-05-15,Rice,Lucknow,147.02,2134,2519,2230,Sunny
2025-07-16,Maize,Kanpur,263.66,1856,2482,2183,Rainy
2025-04-04,Mustard,Bhopal,280.38,1823,2381,2157,Humid
2025-05-06,Mustard,Indore,191.51,876,1585,1330,Humid
2025-12-03,Onion,Delhi,106.99,2219,2779,2539,Sunny
2025-08-05,Mustard,Delhi,242.86,1879,2296,2252,Foggy
2025-03-17,Potato,Delhi,20.92,2358,3070,2903,Cloudy
2025-03-21,Rice,Kanpur,388.68,1751,1902,1887,Sunny
2025-07-31,Potato,Lucknow,338.72,2052,2662,2534,Cloudy
2025-11-29,Maize,Jaipur,140.13,878,1167,1014,Rainy
2025-01-08,Rice,Delhi,109.97,842,1423,1373,Foggy
2025-08-19,Potato,Bhopal,139.81,1844,2281,2017,Humid
2025-04-22,Maize,Delhi,50.68,960,1085,976,Humid
2025-11-14,Wheat,Lucknow,364.69,926,1479,1036,Cloudy
2025-01-30,Potato,Bhopal,187.18,1959,2623,2493,Cloudy
2025-06-01,Potato,Delhi,319.02,1138,1303,1270,Foggy
2025-04-08,Mustard,Indore,379.48,1218,1672,1574,Sunny
2025-09-24,Potato,Lucknow,64.46,992,1413,1328,Foggy
2025-09-21,Onion,Jaipur,398.12,1140,1831,1199,Rainy
2025-05-06,Maize,Bhopal,170.73,860,1225,863,Foggy
2025-02-21,Rice,Bhopal,242.98,1363,1494,1435,Foggy
2025-04-21,Rice,Jaipur,185.1,1445,1770,1474,Foggy
2025-04-28,Wheat,Kanpur,437.59,2437,2910,2909,Cloudy
2025-05-14,Onion,Delhi,332.55,942,1711,1533,Sunny
2025-07-23,Onion,Jaipur,269.36,2260,2611,2531,Humid
2025-05-16,Wheat,Jaipur,419.2,1160,1755,1673,Sunny
2025-08-14,Onion,Bhopal,366.78,2467,2599,2590,Rainy
2025-01-19,Rice,Lucknow,241.42,1111,1434,1182,Humid
2025-05-07,Wheat,Kanpur,346.31,1514,1623,1571,Cloudy
2025-08-29,Mustard,Indore,491.27,1669,2140,1976,Rainy
2025-11-18,Rice,Lucknow,178.11,2129,2831,2364,Rainy
2025-05-30,Potato,Kanpur,399.33,824,945,895,Rainy
2025-04-18,Maize,Lucknow,201.29,1410,1624,1418,Humid
2025-11-24,Potato,Delhi,401.34,965,1443,1259,Foggy
2025-11-02,Maize,Kanpur,93.89,1539,2198,2027,Foggy
2025-10-18,Wheat,Jaipur,118.86,2002,2403,2372,Sunny
2025-03-17,Rice,Jaipur,176.7,1534,1663,1655,Foggy
2025-05-20,Onion,Bhopal,348.08,2115,2409,2202,Rainy
2025-09-02,Wheat,Indore,402.87,1244,1441,1347,Sunny
2025-11-13,Potato,Jaipur,76.25,1700,2134,2002,Cloudy
2025-12-24,Rice,Bhopal,141.62,1970,2626,2242,Sunny
2025-03-11,Wheat,Lucknow,434.72,1152,1899,1552,Sunny
2025-04-20,Mustard,Bhopal,196.78,2225,2903,2276,Cloudy
2025-07-01,Maize,Delhi,58.29,1504,1748,1731,Rainy
2025-01-12,Wheat,Bhopal,202.14,1488,1853,1498,Sunny
2025-09-07,Maize,Delhi,171.85,1841,2518,1999,Cloudy
2025-07-09,Potato,Indore,90.45,1591,2329,1986,Humid
2025-03-11,Rice,Lucknow,235.44,1387,1855,1581,Cloudy
2025-02-08,Mustard,Bhopal,86.87,1131,1352,1285,Rainy
2025-06-26,Potato,Jaipur,18.82,1498,1766,1630,Cloudy
2025-04-16,Mustard,Kanpur,274.62,1734,2400,2318,Rainy
2025-12-05,Rice,Bhopal,368.85,2281,2993,2454,Humid
2025-04-24,Maize,Jaipur,82.28,2298,2414,2334,Foggy
2025-09-16,Wheat,Kanpur,436.25,1098,1704,1161,Rainy
2025-07-16,Rice,Jaipur,108.28,1125,1257,1152,Foggy
2025-02-22,Potato,Kanpur,226.33,1064,1517,1167,Cloudy
2025-01-11,Potato,Indore,287.54,2101,2620,2355,Cloudy
2025-04-29,Potato,Indore,266.78,2047,2636,2564,Humid
2025-10-10,Onion,Indore,121.64,816,1293,1272,Foggy
2025-11-19,Potato,Delhi,132.4,2001,2199,2154,Cloudy
2025-08-22,Rice,Lucknow,347.58,1290,1985,1494,Rainy
2025-03-18,Wheat,Jaipur,139.95,1484,1895,1663,Rainy
2025-04-28,Onion,Lucknow,354.59,2262,2490,2351,Foggy
2025-12-24,Wheat,Delhi,204.58,846,1082,895,Rainy
2025-11-04,Wheat,Bhopal,341.65,2282,2973,2434,Foggy
2025-11-11,Wheat,Lucknow,156.53,2181,2470,2455,Sunny
2025-12-21,Onion,Lucknow,263.38,1175,1693,1453,Sunny
2025-04-15,Rice,Kanpur,55.97,976,1120,991,Foggy
2025-12-02,Rice,Indore,284.02,1531,1633,1632,Rainy
2025-06-28,Maize,Kanpur,94.65,1844,2392,2117,Foggy
2025-01-25,Mustard,Bhopal,461.74,817,1294,826,Sunny
2025-11-16,Rice,Jaipur,409.81,1974,2289,1978,Rainy
2025-10-08,Maize,Delhi,330.04,1832,2286,2243,Foggy
2025-12-11,Rice,Bhopal,319.9,1620,2241,2173,Rainy
2025-01-29,Potato,Delhi,448.44,2183,2730,2461,Rainy
2025-05-15,Potato,Jaipur,217.63,2150,2313,2211,Rainy
2025-10-01,Maize,Lucknow,469.86,2237,2731,2374,Rainy
2025-03-20,Mustard,Delhi,257.49,1066,1613,1307,Foggy
2025-01-10,Potato,Bhopal,99.68,1374,1505,1427,Foggy
2025-12-20,Maize,Bhopal,78.65,2392,2867,2627,Rainy
2025-12-14,Potato,Delhi,397.7,2463,3104,2689,Cloudy
2025-03-12,Wheat,Indore,212.65,815,933,850,Cloudy
2025-02-15,Rice,Indore,376.7,2091,2618,2297,Rainy
2025-12-31,Mustard,Indore,445.23,1433,1688,1445,Foggy
2025-05-13,Mustard,Indore,391.45,2359,2557,2458,Humid
2025-06-11,Onion,Jaipur,366.33,1933,2563,2343,Humid
2025-09-30,Maize,Lucknow,464.61,1410,1887,1663,Foggy
2025-05-08,Rice,Kanpur,218.92,1487,1652,1513,Sunny
2025-10-16,Wheat,Indore,35.66,1750,2067,1960,Sunny
2025-09-04,Wheat,Delhi,181.92,2243,2452,2256,Cloudy
2025-07-26,Potato,Delhi,122.28,2473,3042,2832,Sunny
2025-03-08,Potato,Bhopal,33.52,2194,2453,2370,Foggy
2025-08-04,Wheat,Lucknow,85.1,1167,1684,1314,Sunny
2025-04-12,Potato,Indore,140.51,1031,1750,1195,Cloudy
2025-01-11,Maize,Lucknow,374.2,924,1685,1436,Humid
2025-03-28,Maize,Kanpur,466.27,1931,2556,2518,Foggy
2025-09-24,Onion,Indore,417.37,1549,1973,1946,Humid
2025-02-15,Mustard,Lucknow,85.14,1989,2372,2094,Foggy
2025-07-18,Wheat,Lucknow,146.94,1294,1860,1523,Humid
2025-10-02,Maize,Delhi,374.76,1512,2065,1872,Humid
2025-03-13,Mustard,Kanpur,35.24,2258,2445,2428,Humid
2025-11-14,Mustard,Bhopal,30.42,2382,2806,2743,Cloudy
2025-01-02,Maize,Bhopal,458.25,841,1023,976,Rainy
2025-08-17,Potato,Delhi,326.62,1535,1871,1809,Foggy
2025-06-30,Wheat,Indore,146.59,1278,2036,1583,Humid
2025-07-12,Rice,Bhopal,131.23,2270,3039,2823,Sunny
2025-11-09,Wheat,Kanpur,48.82,2385,3168,2891,Cloudy
2025-10-21,Maize,Lucknow,357.84,2337,3046,2981,Humid
2025-03-26,Maize,Indore,327.71,2031,2550,2169,Humid
2025-06-02,Maize,Delhi,319.15,2266,2426,2345,Foggy
2025-03-14,Rice,Delhi,18.1,1999,2288,2274,Rainy
2025-01-11,Onion,Bhopal,272.67,1299,1682,1379,Humid
2025-08-04,Wheat,Lucknow,232.64,1579,1689,1660,Rainy
2025-04-09,Potato,Jaipur,322.16,1206,1696,1683,Sunny
2025-10-18,Wheat,Delhi,465.34,2318,3090,2851,Foggy
2025-10-31,Mustard,Lucknow,420.04,1033,1499,1361,Rainy
2025-09-26,Rice,Bhopal,235.76,1042,1505,1122,Sunny
2025-07-05,Wheat,Bhopal,348.5,1457,1859,1519,Sunny
2025-07-22,Onion,Jaipur,457.22,1577,2270,1735,Humid
2025-09-17,Wheat,Indore,318.87,1390,1509,1436,Sunny
2025-08-17,Potato,Kanpur,349.11,903,1638,1508,Foggy
2025-12-26,Maize,Lucknow,176.29,918,1505,1333,Foggy
2025-03-15,Maize,Lucknow,147.67,1457,1897,1587,Humid
2025-01-24,Potato,Jaipur,356.85,2363,2855,2555,Rainy
2025-10-07,Rice,Lucknow,465.67,2086,2337,2189,Foggy
2025-11-21,Mustard,Kanpur,357.61,1768,1938,1807,Cloudy
2025-07-21,Onion,Delhi,400.47,2050,2382,2087,Foggy
2025-08-07,Rice,Indore,58.68,1210,1854,1265,Cloudy
2025-11-12,Mustard,Delhi,442.32,1929,2451,2152,Rainy
2025-02-16,Rice,Kanpur,170.81,1745,2028,1918,Cloudy
2025-01-09,Onion,Lucknow,461.84,1403,1986,1800,Sunny
2025-01-06,Mustard,Kanpur,200.35,2166,2815,2700,Foggy
2025-01-31,Potato,Indore,330.59,1484,1823,1486,Sunny
2025-12-26,Potato,Lucknow,166.14,896,1275,935,Foggy
2025-10-12,Rice,Bhopal,414.49,885,1659,1556,Rainy
2025-07-31,Onion,Jaipur,62.85,1801,2169,2006,Humid
2025-09-01,Mustard,Delhi,473.21,1914,2218,2010,Cloudy
2025-06-13,Mustard,Indore,256.1,2176,2451,2402,Rainy
2025-07-15,Onion,Lucknow,497.02,1601,2359,1988,Rainy
2025-02-07,Rice,Bhopal,480.41,2042,2221,2188,Rainy
2025-07-22,Maize,Indore,497.22,963,1685,1549,Humid
2025-04-19,Wheat,Lucknow,144.34,1126,1532,1441,Sunny
2025-07-18,Maize,Bhopal,96.42,2202,2860,2378,Foggy
2025-01-08,Onion,Kanpur,108.02,2176,2745,2338,Rainy
2025-08-06,Rice,Indore,301.31,2342,2683,2673,Cloudy
2025-02-28,Wheat,Jaipur,383.74,1971,2127,1994,Rainy
2025-12-01,Mustard,Bhopal,412.98,2444,3102,3099,Foggy
2025-05-18,Maize,Delhi,130.48,2172,2827,2474,Foggy
2025-12-01,Maize,Kanpur,427.74,889,1050,916,Foggy
2025-05-24,Mustard,Bhopal,79.04,1515,1665,1520,Rainy
2025-09-04,Maize,Indore,67.76,1628,2117,1893,Foggy
2025-12-17,Maize,Jaipur,427.93,1362,2054,1723,Foggy
2025-06-09,Onion,Kanpur,260.21,2087,2644,2297,Humid
2025-02-20,Mustard,Lucknow,416.43,2287,2746,2393,Cloudy
2025-10-15,Onion,Kanpur,108.21,1238,1973,1691,Sunny
2025-04-23,Potato,Delhi,70.18,1543,1752,1647,Sunny
2025-03-15,Mustard,Indore,465.55,2430,2654,2528,Humid
2025-11-03,Mustard,Delhi,260.94,1603,1739,1621,Cloudy
2025-10-15,Rice,Bhopal,311.29,932,1375,1091,Rainy
2025-10-13,Maize,Delhi,342.04,2476,2678,2501,Foggy
2025-12-06,Onion,Delhi,211.61,1813,2422,2007,Rainy
2025-04-14,Potato,Indore,22.01,983,1279,1194,Humid
2025-09-20,Mustard,Lucknow,170.9,803,1308,950,Foggy
2025-02-03,Rice,Delhi,166.4,2377,2873,2461,Foggy
2025-12-01,Wheat,Kanpur,277.53,2251,2550,2424,Cloudy
2025-02-02,Rice,Kanpur,20.93,868,1065,930,Foggy
2025-07-25,Potato,Kanpur,489.29,1620,2146,2071,Rainy
2025-03-10,Wheat,Jaipur,311.37,1910,2630,2153,Humid
2025-09-05,Maize,Delhi,113.92,1326,1711,1338,Cloudy
2025-05-03,Mustard,Indore,443.23,1421,2135,1725,Foggy
2025-08-27,Onion,Kanpur,171.45,1563,1922,1725,Foggy
2025-02-17,Wheat,Kanpur,341.29,1386,1829,1664,Cloudy
2025-09-18,Mustard,Lucknow,135.13,2337,2582,2532,Cloudy
2025-07-09,Potato,Bhopal,49.73,1104,1681,1502,Humid
2025-02-22,Onion,Bhopal,367.75,1152,1273,1244,Sunny
2025-03-24,Wheat,Delhi,294.49,1695,1811,1738,Foggy
2025-10-16,Onion,Delhi,243.08,1803,2382,1878,Rainy
2025-01-31,Rice,Bhopal,126.39,1752,2222,2033,Humid
2025-08-01,Rice,Jaipur,127.64,2385,2995,2937,Cloudy
2025-08-07,Potato,Lucknow,455.61,1512,1865,1575,Foggy
2025-12-25,Potato,Indore,477.52,1497,1668,1595,Cloudy
2025-01-28,Mustard,Delhi,46.13,1912,2405,2146,Foggy
2025-10-24,Rice,Indore,378.1,2330,3000,2555,Humid
2025-08-25,Mustard,Jaipur,175.97,1898,2172,2166,Sunny
2025-07-03,Rice,Kanpur,460.29,2148,2780,2460,Cloudy
2025-09-28,Wheat,Jaipur,90.42,1326,1814,1460,Sunny
2025-12-28,Onion,Lucknow,436.1,1486,2203,2097,Humid
2025-03-01,Mustard,Kanpur,481.3,1607,1822,1807,Sunny
2025-06-22,Onion,Jaipur,380.05,1509,1626,1544,Sunny
2025-12-23,Potato,Indore,169.14,1827,2065,1976,Rainy
2025-11-18,Potato,Jaipur,482.44,1729,1987,1824,Humid
2025-12-18,Rice,Delhi,183.05,2181,2496,2350,Humid
2025-05-10,Wheat,Indore,344.3,1050,1212,1115,Rainy
2025-03-29,Mustard,Kanpur,12.55,2250,2745,2260,Sunny
2025-04-23,Mustard,Jaipur,77.66,2212,2678,2382,Sunny
2025-01-27,Onion,Indore,28.54,1629,2418,2119,Foggy
2025-02-11,Wheat,Lucknow,70.96,1258,1839,1381,Rainy
2025-05-02,Rice,Kanpur,267.23,1232,1481,1341,Cloudy
2025-04-24,Wheat,Jaipur,200.14,1151,1377,1155,Cloudy
2025-05-18,Onion,Kanpur,139.32,1619,1866,1635,Foggy
2025-07-02,Mustard,Jaipur,77.88,1872,2013,1965,Cloudy
2025-09-18,Onion,Indore,479.84,989,1608,1352,Humid
2025-02-24,Wheat,Indore,116.48,1435,1657,1523,Humid
2025-09-06,Mustard,Lucknow,378.15,1009,1434,1356,Cloudy
2025-01-01,Mustard,Bhopal,434.64,1140,1810,1408,Humid
2025-06-26,Onion,Delhi,156.53,2020,2129,2059,Cloudy
2025-07-03,Onion,Jaipur,192.04,1582,1877,1603,Foggy
2025-06-25,Mustard,Delhi,89.77,829,1276,1230,Humid
2025-12-30,Mustard,Lucknow,194.01,1446,1702,1578,Rainy
2025-04-21,Onion,Kanpur,129.77,1145,1505,1492,Sunny
2025-07-13,Potato,Lucknow,286.5,1998,2581,2027,Rainy
2025-06-13,Mustard,Indore,172.91,2032,2660,2150,Foggy
2025-12-13,Maize,Kanpur,63.73,1764,1954,1884,Cloudy
2025-10-22,Wheat,Jaipur,305.76,1593,2009,1720,Rainy
2025-06-25,Rice,Lucknow,17.19,1952,2594,2314,Foggy
2025-07-26,Wheat,Kanpur,219.97,1363,1698,1427,Rainy
2025-04-17,Onion,Kanpur,383.09,1265,1521,1315,Rainy
2025-11-02,Rice,Indore,391.73,1747,2462,2196,Rainy
2025-12-18,Maize,Delhi,271.9,2209,2909,2883,Cloudy
2025-07-04,Mustard,Bhopal,317.46,1558,1914,1866,Sunny
2025-10-04,Mustard,Jaipur,280.44,991,1099,997,Foggy
2025-06-30,Onion,Kanpur,59.96,1244,1746,1406,Cloudy
2025-06-09,Potato,Lucknow,290.5,1324,1913,1353,Cloudy
2025-06-18,Maize,Indore,420.19,1209,1715,1319,Cloudy
2025-05-03,Mustard,Jaipur,373.01,2277,3008,2972,Humid
2025-10-21,Mustard,Indore,310.03,2321,2439,2345,Cloudy
2025-07-05,Potato,Jaipur,364.64,2405,2724,2720,Cloudy
2025-08-28,Wheat,Indore,347.56,1220,1803,1493,Sunny
2025-06-11,Onion,Kanpur,107.1,1255,1530,1513,Humid
2025-02-16,Wheat,Kanpur,193.15,1841,2409,2059,Rainy
2025-11-25,Rice,Jaipur,277.38,1287,1954,1722,Humid
2025-02-07,Onion,Delhi,306.09,1667,2106,1960,Humid
2025-12-15,Onion,Lucknow,397.6,863,1124,1093,Humid
2025-02-13,Potato,Delhi,65.34,971,1618,1579,Humid
2025-11-21,Mustard,Bhopal,97.04,2410,2584,2560,Rainy
2025-10-08,Onion,Bhopal,161.68,1033,1734,1438,Sunny
2025-02-04,Onion,Jaipur,61.28,1706,1955,1736,Humid
2025-01-29,Rice,Lucknow,61.45,1347,1897,1809,Cloudy
2025-01-01,Rice,Bhopal,51.93,2292,2985,2459,Rainy
2025-11-21,Maize,Kanpur,391.01,1827,1964,1877,Sunny
2025-07-10,Onion,Kanpur,89.41,1877,2584,2433,Rainy
2025-11-20,Rice,Lucknow,244.41,1161,1899,1896,Sunny
2025-04-24,Potato,Jaipur,311.98,1147,1640,1584,Cloudy
2025-11-28,Potato,Jaipur,105.74,1912,2289,2224,Foggy
2025-01-24,Maize,Kanpur,446.57,1571,1969,1844,Foggy
2025-09-09,Maize,Kanpur,430.95,2374,3014,2702,Rainy
2025-11-26,Maize,Bhopal,41.76,1401,2027,1920,Humid
2025-03-09,Onion,Jaipur,419.52,1686,1826,1724,Sunny
2025-01-12,Wheat,Lucknow,447.95,853,1520,1420,Rainy
2025-05-27,Mustard,Indore,56.79,1294,1652,1387,Foggy
2025-01-16,Maize,Bhopal,82.17,2311,2774,2624,Rainy
2025-08-21,Maize,Kanpur,325.87,2282,2529,2441,Humid
2025-02-05,Potato,Lucknow,95.11,2465,3019,2519,Foggy
2025-08-29,Potato,Bhopal,188.99,1356,1465,1443,Humid
2025-06-09,Maize,Lucknow,196.92,1525,2054,2048,Sunny
2025-05-16,Mustard,Kanpur,197.75,1160,1361,1285,Cloudy
2025-12-15,Mustard,Kanpur,476.27,2007,2468,2437,Cloudy
2025-11-18,Mustard,Jaipur,462.87,2314,2649,2599,Cloudy
2025-04-16,Potato,Jaipur,141.9,1668,2218,1887,Humid
2025-05-02,Potato,Jaipur,319.1,1531,2113,1923,Rainy
2025-03-05,Mustard,Bhopal,133.85,1216,1839,1230,Foggy
2025-02-22,Rice,Jaipur,38.98,2299,2681,2475,Humid
2025-12-23,Onion,Delhi,266.42,1591,1773,1707,Sunny
2025-08-02,Wheat,Indore,281.42,2360,2542,2447,Foggy
2025-05-30,Wheat,Bhopal,171.79,1947,2735,2143,Cloudy
2025-04-16,Mustard,Delhi,261.54,2470,3001,2844,Rainy
2025-05-25,Rice,Delhi,136.25,1584,1900,1712,Foggy
2025-01-17,Mustard,Jaipur,216.72,2282,2644,2359,Foggy
2025-05-24,Mustard,Kanpur,432.38,1921,2162,1979,Sunny
2025-10-21,Potato,Indore,437.83,2341,3002,2642,Humid
2025-12-26,Rice,Jaipur,416.95,914,1497,1432,Cloudy
2025-08-07,Onion,Jaipur,200.37,1161,1650,1483,Rainy
2025-10-08,Rice,Delhi,466.75,2436,2786,2637,Foggy
2025-05-01,Maize,Indore,238.36,1140,1655,1645,Sunny
2025-04-17,Wheat,Delhi,195.34,1251,1924,1751,Foggy
2025-04-02,Maize,Lucknow,489.82,1812,2466,1824,Rainy
2025-04-27,Mustard,Indore,319.47,2154,2602,2463,Sunny
2025-03-10,Potato,Delhi,400.83,1190,1633,1381,Rainy
2025-09-05,Potato,Kanpur,16.17,2162,2707,2168,Rainy
2025-10-04,Maize,Indore,30.12,2444,2862,2651,Cloudy
2025-10-01,Maize,Indore,271.02,1998,2283,2165,Humid
2025-01-04,Onion,Jaipur,245.29,2307,2577,2311,Cloudy
2025-03-28,Wheat,Bhopal,365.04,1968,2121,2056,Humid
2025-08-21,Onion,Bhopal,331.42,2129,2898,2282,Cloudy
2025-08-05,Maize,Kanpur,389.77,1688,2071,1688,Rainy
2025-09-29,Potato,Kanpur,262.0,1978,2256,2094,Foggy
2025-01-05,Wheat,Jaipur,436.41,1963,2423,2258,Cloudy
2025-06-23,Mustard,Indore,302.09,1867,2199,1909,Cloudy
2025-12-21,Potato,Lucknow,236.68,836,1457,1002,Sunny
2025-04-09,Wheat,Bhopal,376.26,2463,3029,2781,Sunny
2025-04-19,Wheat,Jaipur,419.95,1221,1888,1797,Rainy
2025-12-30,Mustard,Kanpur,259.35,1793,2299,1840,Cloudy
2025-03-05,Onion,Indore,132.73,2415,2652,2494,Humid
2025-08-08,Mustard,Jaipur,491.71,1195,1847,1573,Sunny
2025-01-20,Onion,Bhopal,489.84,2058,2286,2083,Foggy
2025-07-13,Maize,Bhopal,161.14,1113,1473,1467,Foggy
2025-06-19,Maize,Jaipur,145.76,1717,2273,2079,Rainy
2025-04-06,Maize,Bhopal,358.01,1253,1969,1834,Humid
2025-03-04,Mustard,Jaipur,243.53,1156,1778,1641,Humid
2025-03-18,Onion,Lucknow,328.04,2057,2251,2139,Cloudy
2025-12-18,Onion,Kanpur,424.62,2189,2480,2249,Cloudy
2025-04-20,Rice,Indore,175.62,997,1427,1089,Foggy
2025-02-11,Rice,Kanpur,285.63,1529,1858,1634,Cloudy
2025-08-07,Mustard,Delhi,408.44,847,1475,1399,Sunny
2025-11-06,Potato,Lucknow,448.53,1421,1618,1495,Foggy
2025-02-22,Wheat,Jaipur,384.95,1459,2210,1810,Foggy
2025-06-01,Onion,Lucknow,245.11,1724,1865,1747,Cloudy
2025-11-18,Potato,Jaipur,443.49,2313,2727,2340,Rainy
2025-11-29,Rice,Kanpur,261.86,1968,2523,2051,Rainy
2025-11-12,Potato,Jaipur,247.87,1615,2408,1838,Cloudy
2025-03-03,Rice,Delhi,190.02,1355,1549,1440,Humid
2025-05-06,Potato,Bhopal,248.8,1893,2160,2073,Sunny
2025-07-10,Potato,Bhopal,320.29,1723,2122,1875,Cloudy
2025-06-13,Rice,Delhi,336.12,2021,2147,2101,Humid
2025-01-08,Rice,Kanpur,341.91,1284,1573,1378,Rainy
2025-05-29,Mustard,Lucknow,55.43,1107,1820,1275,Humid
2025-12-19,Potato,Lucknow,387.9,1478,2241,1596,Rainy
2025-02-25,Potato,Bhopal,30.36,2164,2589,2574,Humid
2025-01-12,Onion,Bhopal,90.53,1084,1430,1270,Cloudy
2025-01-29,Onion,Kanpur,423.13,1831,2356,2194,Rainy
2025-08-25,Potato,Kanpur,106.89,1385,1766,1666,Sunny
2025-05-25,Mustard,Jaipur,34.37,885,1143,934,Sunny
2025-04-10,Wheat,Bhopal,435.94,1701,2258,1961,Sunny
2025-10-15,Onion,Indore,451.43,1341,1780,1437,Foggy
2025-10-16,Wheat,Delhi,315.23,2448,2861,2696,Cloudy
2025-03-07,Potato,Bhopal,123.93,1114,1441,1377,Sunny
2025-04-10,Mustard,Lucknow,61.89,949,1345,1303,Foggy
2025-02-26,Maize,Lucknow,196.76,1238,1694,1456,Rainy
2025-08-05,Maize,Lucknow,482.9,828,1550,1259,Cloudy
2025-11-01,Mustard,Delhi,54.19,986,1328,1262,Humid
2025-05-23,Rice,Indore,135.18,1349,2071,1724,Humid
2025-08-30,Onion,Lucknow,481.77,1461,2078,2003,Humid
2025-01-15,Onion,Lucknow,293.16,2264,2761,2550,Cloudy
2025-03-16,Mustard,Jaipur,392.01,1993,2605,2102,Cloudy
2025-08-31,Mustard,Bhopal,63.9,1062,1668,1226,Rainy
2025-07-23,Maize,Bhopal,128.71,876,1432,1214,Humid
2025-03-03,Wheat,Bhopal,383.65,2398,2955,2936,Humid
2025-02-08,Wheat,Lucknow,348.51,848,1323,1237,Cloudy
2025-10-27,Maize,Kanpur,230.47,2154,2912,2656,Humid
2025-08-17,Wheat,Jaipur,271.48,2492,2603,2507,Rainy
2025-12-19,Wheat,Bhopal,244.74,1731,2528,1906,Rainy
2025-07-14,Maize,Indore,444.46,2382,2655,2466,Sunny
2025-04-30,Rice,Bhopal,400.53,1930,2677,2414,Foggy
2025-12-20,Wheat,Indore,449.9,2471,3018,2952,Rainy
2025-08-02,Potato,Indore,195.92,2415,2980,2774,Sunny
2025-08-16,Onion,Kanpur,475.55,1584,2216,2057,Humid
2025-10-15,Onion,Delhi,408.54,1291,1887,1666,Rainy
2025-05-25,Potato,Delhi,174.67,1249,1421,1402,Rainy
2025-10-08,Wheat,Jaipur,144.15,1275,1754,1661,Foggy
2025-06-09,Rice,Jaipur,35.7,2083,2575,2266,Rainy
2025-03-05,Mustard,Kanpur,207.66,2405,2873,2722,Sunny
2025-06-18,Mustard,Bhopal,441.83,1607,2166,2062,Foggy
2025-05-18,Potato,Delhi,77.95,2452,2573,2527,Humid
2025-06-15,Rice,Delhi,166.14,2370,2512,2442,Sunny
2025-09-17,Maize,Jaipur,176.62,2015,2237,2019,Humid
2025-11-02,Mustard,Bhopal,435.03,1931,2171,1982,Sunny
2025-11-20,Onion,Lucknow,275.36,832,1535,1219,Humid
2025-02-11,Maize,Lucknow,401.4,879,1102,1048,Rainy
2025-09-13,Maize,Bhopal,489.95,1887,2407,2298,Foggy
2025-11-14,Wheat,Jaipur,434.55,1018,1779,1724,Rainy
2025-12-24,Rice,Lucknow,299.01,1759,2223,1835,Sunny
2025-03-18,Maize,Kanpur,476.94,2192,2760,2508,Cloudy
2025-12-20,Potato,Lucknow,165.32,1118,1723,1587,Foggy
2025-08-13,Mustard,Lucknow,41.56,2188,2952,2397,Humid
2025-04-01,Maize,Bhopal,253.23,2007,2665,2473,Humid
2025-08-31,Onion,Delhi,384.14,1110,1602,1214,Cloudy
2025-12-22,Onion,Kanpur,253.94,1444,1751,1515,Humid
2025-07-13,Potato,Kanpur,298.71,2056,2282,2278,Cloudy
2025-11-26,Mustard,Jaipur,453.38,1152,1817,1463,Rainy
2025-04-10,Mustard,Bhopal,352.57,2035,2419,2102,Sunny
2025-08-19,Maize,Indore,172.15,2251,2403,2398,Cloudy
2025-01-30,Rice,Kanpur,67.43,1491,1653,1521,Rainy
2025-12-24,Onion,Lucknow,196.21,904,1140,1056,Sunny
2025-03-03,Potato,Jaipur,397.51,1236,1357,1280,Foggy
2025-07-07,Onion,Delhi,460.01,1734,2225,2180,Rainy
2025-12-01,Mustard,Jaipur,117.82,2272,2496,2445,Foggy
2025-11-23,Wheat,Kanpur,351.89,2385,2572,2410,Cloudy
2025-05-24,Wheat,Lucknow,179.59,1940,2663,1940,Sunny
2025-06-24,Maize,Jaipur,250.22,1428,1684,1597,Rainy
2025-11-12,Onion,Indore,344.19,1047,1279,1084,Humid
2025-12-08,Wheat,Indore,176.51,1823,1928,1882,Rainy
2025-01-15,Potato,Kanpur,212.13,1967,2400,2101,Foggy
2025-10-02,Mustard,Kanpur,195.77,2091,2426,2223,Cloudy
2025-11-17,Onion,Bhopal,446.48,1605,1913,1680,Humid
2025-01-12,Onion,Delhi,293.47,1579,2109,1788,Sunny
2025-01-02,Maize,Jaipur,423.14,1853,2222,2161,Foggy
2025-04-27,Wheat,Kanpur,141.94,1175,1498,1234,Cloudy
2025-05-18,Wheat,Indore,74.44,1999,2453,2163,Humid
2025-10-30,Potato,Indore,296.71,1908,2305,2088,Sunny
2025-10-13,Potato,Kanpur,266.05,1175,1892,1667,Cloudy
2025-12-10,Maize,Jaipur,492.4,2232,2837,2586,Sunny
2025-11-13,Wheat,Jaipur,422.0,2149,2793,2234,Sunny
2025-07-29,Wheat,Kanpur,300.65,936,1726,1065,Rainy
2025-06-17,Maize,Lucknow,279.24,2027,2570,2095,Rainy
2025-05-15,Mustard,Kanpur,229.0,2117,2442,2319,Cloudy
2025-09-30,Rice,Lucknow,264.44,1935,2105,2104,Humid
2025-11-03,Mustard,Bhopal,478.48,2360,2897,2584,Humid
2025-03-15,Mustard,Delhi,291.64,1122,1623,1181,Rainy
2025-07-13,Rice,Jaipur,446.41,983,1265,1149,Foggy
2025-11-09,Onion,Jaipur,293.51,2451,3209,2681,Rainy
2025-01-16,Maize,Delhi,430.76,2036,2475,2054,Sunny
2025-10-03,Onion,Kanpur,198.18,1787,2400,2033,Humid
2025-08-22,Potato,Jaipur,394.97,1214,1658,1578,Sunny
2025-12-20,Wheat,Jaipur,243.32,1625,2287,1640,Cloudy
2025-05-09,Wheat,Jaipur,125.83,2193,2454,2221,Humid
2025-04-07,Rice,Bhopal,311.62,2162,2549,2285,Humid
2025-09-15,Rice,Jaipur,373.74,2119,2461,2146,Cloudy
2025-05-11,Wheat,Bhopal,401.45,1875,2391,2091,Cloudy
2025-02-23,Onion,Lucknow,179.71,1233,1683,1382,Humid
2025-01-12,Onion,Indore,146.03,2453,2593,2562,Foggy
2025-05-24,Onion,Delhi,429.82,2445,3166,2663,Humid
2025-05-16,Maize,Jaipur,460.07,2051,2274,2268,Rainy
2025-09-12,Mustard,Lucknow,121.16,2117,2333,2185,Sunny
2025-11-16,Mustard,Kanpur,339.1,1875,2242,2178,Rainy
2025-11-19,Mustard,Indore,177.83,1752,1988,1803,Cloudy
2025-09-03,Maize,Jaipur,72.74,1279,1785,1569,Humid
2025-05-24,Rice,Delhi,11.18,854,1414,1074,Rainy
2025-09-27,Mustard,Delhi,279.82,2171,2840,2779,Foggy
2025-09-11,Maize,Kanpur,236.17,2498,3196,3086,Foggy
2025-01-04,Rice,Indore,448.54,972,1128,1080,Rainy
2025-06-25,Maize,Jaipur,74.66,1829,2337,2020,Foggy
2025-10-25,Onion,Jaipur,325.16,1773,2335,2106,Sunny
2025-06-15,Rice,Lucknow,248.99,2153,2491,2442,Rainy
2025-08-10,Wheat,Lucknow,85.4,1394,1734,1515,Cloudy
2025-04-22,Wheat,Kanpur,462.54,1603,1801,1775,Sunny
2025-05-06,Mustard,Lucknow,213.4,1562,2269,1941,Rainy
2025-08-30,Potato,Delhi,139.61,1038,1286,1098,Foggy
2025-11-29,Rice,Lucknow,238.32,1479,2243,1560,Sunny
2025-05-05,Rice,Jaipur,417.73,2249,2652,2569,Foggy
2025-12-03,Potato,Delhi,83.44,1800,2093,1870,Cloudy
2025-12-28,Potato,Jaipur,381.44,1844,2637,2319,Cloudy
2025-11-24,Mustard,Jaipur,71.21,1878,2494,2293,Cloudy
2025-09-08,Potato,Indore,316.37,1619,2009,1659,Sunny
2025-06-24,Mustard,Jaipur,228.14,1740,1925,1886,Sunny
2025-04-29,Potato,Indore,48.68,1705,2113,1842,Cloudy
2025-11-04,Maize,Jaipur,315.41,1105,1307,1279,Foggy
2025-03-01,Rice,Indore,334.08,2352,3139,2906,Foggy
2025-10-16,Maize,Jaipur,384.43,2021,2621,2318,Sunny
2025-10-21,Rice,Indore,409.45,1103,1309,1288,Sunny
2025-03-05,Mustard,Jaipur,332.32,978,1228,1006,Rainy
2025-10-23,Potato,Delhi,192.64,1405,1949,1503,Humid
2025-06-07,Mustard,Indore,323.87,2354,2715,2432,Sunny
2025-08-13,Mustard,Jaipur,90.99,1291,1471,1305,Sunny
2025-04-20,Potato,Delhi,71.75,918,1040,1003,Sunny
2025-12-26,Potato,Jaipur,402.19,2121,2374,2306,Cloudy
2025-07-12,Potato,Bhopal,414.79,2456,3098,2661,Sunny
2025-09-01,Mustard,Jaipur,179.58,1864,2501,2050,Rainy
2025-05-01,Wheat,Lucknow,123.52,2107,2739,2107,Sunny
2025-06-25,Mustard,Lucknow,309.83,1716,2212,1856,Sunny
2025-12-05,Wheat,Jaipur,243.38,837,1557,1293,Humid
2025-09-23,Mustard,Indore,89.5,1999,2692,2360,Rainy
2025-03-10,Mustard,Indore,165.24,828,1244,1110,Cloudy
2025-03-12,Mustard,Lucknow,256.38,2261,2795,2776,Rainy
2025-08-23,Maize,Delhi,292.93,2113,2720,2676,Foggy
2025-06-22,Potato,Indore,233.23,828,962,843,Rainy
2025-08-02,Rice,Delhi,234.39,912,1376,1334,Humid
2025-10-23,Maize,Bhopal,453.19,2499,3154,2614,Foggy
2025-08-16,Potato,Jaipur,110.15,1722,2237,1803,Foggy
2025-04-25,Rice,Delhi,87.85,997,1449,1116,Humid
2025-05-04,Maize,Lucknow,255.98,2131,2383,2165,Foggy
2025-11-13,Wheat,Kanpur,264.35,1824,2396,2267,Sunny
2025-06-13,Mustard,Indore,314.48,2204,2842,2455,Cloudy
2025-01-03,Rice,Jaipur,439.15,2492,2800,2649,Sunny
2025-07-16,Onion,Lucknow,349.06,1948,2079,1991,Foggy
2025-09-02,Onion,Delhi,92.27,1520,1956,1905,Sunny
2025-10-13,Rice,Delhi,24.57,1125,1905,1310,Cloudy
2025-08-28,Onion,Indore,25.51,959,1188,1131,Sunny
2025-03-08,Rice,Lucknow,253.22,2499,2755,2683,Foggy
2025-03-13,Potato,Bhopal,337.3,2496,3144,2722,Sunny
2025-07-07,Maize,Jaipur,110.53,1173,1336,1223,Cloudy
2025-11-26,Onion,Indore,29.15,1279,1550,1401,Foggy
2025-02-24,Onion,Lucknow,116.08,1041,1322,1208,Cloudy
2025-10-06,Rice,Bhopal,449.34,1602,2363,1773,Cloudy
2025-12-22,Potato,Delhi,478.91,1801,2417,1894,Foggy
2025-05-25,Rice,Kanpur,200.04,1809,2383,2274,Cloudy
2025-08-30,Maize,Kanpur,183.39,1982,2475,2050,Humid
2025-08-03,Wheat,Indore,273.98,893,1614,1590,Foggy
2025-03-09,Wheat,Lucknow,281.32,1074,1651,1246,Sunny
2025-05-21,Potato,Kanpur,220.79,1966,2658,2377,Rainy
2025-11-19,Onion,Kanpur,369.23,2069,2529,2448,Foggy
2025-02-16,Wheat,Lucknow,371.94,863,992,897,Foggy
2025-02-28,Mustard,Bhopal,75.35,2220,2480,2242,Humid
2025-07-29,Wheat,Indore,302.74,2047,2765,2248,Rainy
2025-04-19,Onion,Jaipur,323.32,1340,1668,1399,Humid
2025-06-01,Onion,Delhi,13.92,2500,3045,2616,Cloudy
2025-02-24,Potato,Bhopal,59.49,2297,2602,2415,Humid
2025-02-11,Potato,Bhopal,82.27,2048,2291,2076,Cloudy
2025-02-05,Maize,Jaipur,280.59,2385,3141,2623,Cloudy
2025-06-14,Maize,Delhi,385.53,1116,1380,1279,Foggy
2025-04-16,Mustard,Bhopal,490.74,2277,2561,2440,Cloudy
2025-05-11,Onion,Kanpur,45.11,1664,2182,2107,Humid
2025-12-08,Wheat,Indore,74.13,2010,2577,2017,Humid
2025-05-15,Potato,Jaipur,344.05,1513,2087,2002,Cloudy
2025-10-10,Maize,Bhopal,348.31,2066,2739,2121,Foggy
2025-05-01,Maize,Kanpur,242.28,1766,2088,1963,Cloudy
2025-12-02,Onion,Jaipur,377.59,1563,2257,1964,Humid
2025-09-30,Wheat,Kanpur,471.47,1132,1368,1271,Humid
2025-03-01,Potato,Kanpur,436.28,1951,2150,2012,Sunny
2025-09-08,Potato,Lucknow,164.17,1711,2225,2212,Rainy
2025-04-24,Rice,Jaipur,38.9,2122,2782,2713,Humid
2025-06-06,Mustard,Lucknow,349.88,1838,2343,2018,Cloudy
2025-08-04,Rice,Indore,161.97,2245,2370,2332,Cloudy
2025-12-01,Onion,Jaipur,142.26,1783,2125,1798,Rainy
2025-05-12,Potato,Delhi,243.71,1442,2087,1785,Rainy
2025-12-05,Wheat,Lucknow,124.05,1700,2412,1899,Sunny
2025-01-11,Potato,Bhopal,296.57,1750,2434,2010,Foggy
2025-04-19,Maize,Kanpur,191.51,2034,2230,2230,Rainy
2025-03-19,Wheat,Lucknow,83.04,2084,2655,2106,Humid
2025-11-15,Rice,Indore,271.53,1336,1756,1499,Humid
2025-12-11,Mustard,Lucknow,91.89,842,1136,869,Rainy
2025-12-27,Potato,Delhi,111.81,1148,1807,1635,Sunny
2025-07-10,Rice,Lucknow,248.52,2199,2759,2441,Humid
2025-11-25,Onion,Delhi,316.46,2412,3115,2639,Humid
2025-02-08,Wheat,Bhopal,127.97,1857,2420,2416,Humid
2025-03-16,Maize,Bhopal,399.2,2337,2818,2769,Humid
2025-06-20,Potato,Jaipur,299.84,1062,1715,1681,Foggy
2025-08-28,Mustard,Lucknow,306.48,1699,2328,1879,Sunny
2025-03-27,Rice,Jaipur,497.64,2086,2855,2401,Cloudy
2025-01-24,Onion,Delhi,22.18,2379,2715,2467,Rainy
2025-10-21,Wheat,Jaipur,399.28,1120,1607,1510,Sunny
2025-12-15,Potato,Indore,31.22,2001,2458,2032,Cloudy
2025-09-22,Onion,Indore,397.5,2397,2997,2796,Rainy
2025-01-20,Rice,Lucknow,469.19,2342,2627,2614,Rainy
2025-09-30,Wheat,Kanpur,282.03,2044,2534,2502,Humid
2025-04-22,Potato,Jaipur,363.13,1047,1833,1460,Humid
2025-05-13,Rice,Indore,186.89,1384,1869,1782,Rainy
2025-04-22,Maize,Delhi,400.99,2158,2917,2559,Sunny
2025-05-25,Mustard,Bhopal,158.03,1670,2084,2009,Humid
2025-09-20,Potato,Kanpur,293.25,2026,2282,2163,Humid
2025-05-19,Rice,Lucknow,107.74,1831,2403,2155,Foggy
2025-08-22,Potato,Kanpur,223.57,1061,1661,1440,Rainy
2025-01-05,Maize,Jaipur,186.63,2328,2559,2329,Foggy
2025-12-03,Wheat,Kanpur,156.63,1279,1995,1512,Cloudy
2025-12-11,Onion,Jaipur,260.92,2018,2548,2059,Cloudy
2025-03-03,Onion,Jaipur,481.41,1689,2310,1878,Humid
2025-11-15,Wheat,Lucknow,281.67,1077,1665,1338,Humid
2025-02-04,Potato,Jaipur,490.97,1317,1495,1446,Foggy
2025-07-16,Maize,Delhi,50.08,1908,2425,2421,Sunny
2025-10-29,Wheat,Lucknow,481.0,1822,2253,1854,Cloudy
2025-11-05,Mustard,Kanpur,376.36,1039,1622,1552,Humid
2025-11-06,Potato,Jaipur,207.82,1297,1490,1487,Foggy
2025-09-22,Potato,Delhi,145.86,1451,1886,1702,Humid
2025-11-11,Onion,Lucknow,59.17,1106,1537,1158,Foggy
2025-08-10,Onion,Indore,183.36,1110,1422,1112,Foggy
2025-02-11,Mustard,Lucknow,364.07,1906,2250,1978,Rainy
2025-10-21,Potato,Lucknow,256.82,1380,1504,1414,Sunny
2025-06-18,Potato,Bhopal,312.75,1282,2074,2045,Humid
2025-02-28,Maize,Indore,446.17,2359,2756,2516,Sunny
2025-09-14,Onion,Lucknow,111.12,1534,2290,1873,Humid
2025-05-13,Maize,Jaipur,380.73,1337,1979,1950,Foggy
2025-10-09,Mustard,Bhopal,168.28,1289,1952,1702,Humid
2025-12-18,Potato,Lucknow,237.96,2326,2596,2330,Humid
2025-03-10,Onion,Kanpur,363.29,2497,3215,3175,Rainy
2025-10-30,Wheat,Bhopal,403.86,2408,2677,2598,Sunny
2025-09-14,Wheat,Delhi,307.76,1799,2077,1813,Sunny
2025-04-02,Mustard,Delhi,398.19,2209,2992,2264,Foggy
2025-07-13,Rice,Bhopal,75.2,1290,2011,1680,Sunny
2025-02-17,Potato,Kanpur,481.57,1871,2555,2069,Humid
2025-11-01,Rice,Jaipur,225.68,1476,2270,1641,Cloudy
2025-11-08,Maize,Jaipur,11.92,2324,2673,2475,Cloudy
2025-09-24,Mustard,Bhopal,377.82,2108,2584,2286,Humid
2025-04-27,Potato,Indore,379.06,821,1236,1076,Foggy
2025-03-15,Rice,Lucknow,67.31,2310,2953,2416,Rainy
2025-03-20,Onion,Bhopal,286.43,1387,1970,1712,Foggy
2025-02-08,Maize,Indore,323.62,2482,2929,2773,Rainy
2025-05-25,Rice,Indore,148.52,1019,1381,1121,Sunny
2025-09-01,Wheat,Delhi,484.54,2476,2852,2739,Sunny
2025-01-19,Potato,Delhi,488.59,1637,1770,1746,Cloudy
2025-03-02,Maize,Jaipur,95.56,1494,1829,1808,Sunny
2025-10-05,Maize,Kanpur,495.11,2010,2470,2255,Sunny
2025-08-08,Mustard,Lucknow,413.75,1587,1968,1805,Cloudy
2025-06-24,Wheat,Kanpur,492.53,1064,1618,1317,Foggy
2025-06-11,Potato,Jaipur,61.69,1809,2488,2214,Cloudy
2025-07-16,Onion,Jaipur,199.29,1893,2346,2156,Foggy
2025-05-27,Rice,Lucknow,67.64,2304,3001,2811,Cloudy
2025-03-19,Wheat,Delhi,287.57,1177,1858,1360,Foggy
2025-08-06,Wheat,Delhi,19.18,1780,2099,1871,Foggy
2025-04-14,Maize,Jaipur,448.7,1346,1735,1393,Sunny
2025-12-07,Rice,Indore,182.05,971,1410,1088,Rainy
2025-01-24,Wheat,Lucknow,431.19,966,1638,1219,Cloudy
2025-12-09,Potato,Kanpur,450.48,1262,1482,1351,Humid
2025-04-25,Maize,Kanpur,232.07,920,1472,1272,Humid
2025-10-02,Potato,Bhopal,137.17,1945,2346,2049,Foggy
2025-03-09,Potato,Jaipur,198.64,1876,2023,1994,Humid
2025-02-18,Wheat,Lucknow,42.33,1373,2090,2065,Sunny
2025-01-20,Rice,Jaipur,134.42,2086,2745,2253,Rainy
2025-01-17,Maize,Lucknow,288.83,2371,2794,2555,Sunny
2025-07-11,Rice,Delhi,140.11,1210,1524,1310,Foggy
2025-04-07,Rice,Bhopal,319.28,866,1198,887,Foggy
2025-10-03,Mustard,Indore,378.14,1710,2456,2283,Foggy
2025-04-22,Wheat,Bhopal,191.51,1535,1726,1668,Cloudy
2025-12-26,Potato,Kanpur,467.66,1120,1493,1436,Humid
2025-05-02,Potato,Lucknow,114.54,1166,1408,1233,Humid
2025-08-09,Potato,Delhi,257.81,1115,1610,1451,Humid
2025-01-07,Potato,Lucknow,491.98,1488,2112,1740,Rainy
2025-10-10,Mustard,Indore,373.83,919,1491,1354,Sunny
2025-06-09,Mustard,Kanpur,329.69,2114,2406,2235,Sunny
2025-02-28,Maize,Lucknow,113.37,1983,2380,2351,Cloudy
2025-05-05,Onion,Bhopal,132.14,1804,2186,2141,Humid
2025-12-12,Maize,Bhopal,64.77,1704,2334,2188,Humid
2025-06-28,Mustard,Jaipur,290.13,1279,1999,1667,Foggy
2025-04-17,Potato,Jaipur,336.46,1626,2324,1770,Cloudy
2025-08-02,Maize,Delhi,311.0,1299,1412,1339,Cloudy
2025-11-26,Wheat,Delhi,94.29,892,1564,1510,Foggy
2025-12-24,Rice,Indore,98.78,1794,2244,2115,Rainy
2025-02-01,Wheat,Jaipur,110.15,1709,1983,1897,Humid
2025-07-03,Potato,Indore,324.97,1698,2435,2419,Rainy
2025-09-07,Wheat,Indore,386.23,1218,1513,1265,Rainy
2025-12-14,Maize,Bhopal,437.9,1871,2141,2118,Rainy
2025-11-03,Mustard,Delhi,364.82,1223,1495,1366,Foggy
2025-11-20,Potato,Kanpur,171.24,1479,1946,1645,Foggy
2025-06-25,Wheat,Bhopal,71.11,1088,1506,1109,Humid
2025-08-13,Potato,Indore,55.35,2392,2631,2461,Sunny
2025-06-19,Wheat,Indore,316.2,2177,2633,2573,Humid
2025-07-06,Wheat,Lucknow,70.92,1721,1912,1868,Rainy
2025-05-09,Wheat,Delhi,206.69,1988,2546,2519,Rainy
2025-09-26,Maize,Indore,448.09,1838,2084,1946,Rainy
2025-06-18,Potato,Kanpur,64.49,1334,1787,1641,Humid
2025-03-29,Wheat,Indore,292.73,2179,2603,2208,Foggy
2025-10-01,Onion,Lucknow,403.07,1507,1646,1588,Cloudy
2025-08-05,Rice,Bhopal,480.03,1554,2000,1756,Sunny
2025-12-14,Rice,Kanpur,197.73,2234,2346,2303,Humid
2025-02-18,Onion,Bhopal,178.21,1727,2154,1957,Sunny
2025-09-18,Maize,Jaipur,90.13,2072,2528,2251,Cloudy
2025-12-12,Maize,Indore,414.42,1866,2492,2381,Foggy
2025-06-18,Maize,Bhopal,482.9,2211,2902,2845,Foggy
2025-08-26,Onion,Indore,427.1,2456,2573,2564,Cloudy
2025-04-08,Rice,Lucknow,290.8,1571,2324,2194,Cloudy
2025-01-30,Maize,Lucknow,218.58,832,999,996,Sunny
2025-06-06,Maize,Kanpur,252.18,2061,2466,2089,Rainy
2025-06-27,Onion,Lucknow,254.48,1249,1460,1348,Humid
2025-11-30,Potato,Delhi,474.92,1024,1689,1258,Cloudy
2025-12-04,Maize,Lucknow,260.47,1131,1389,1161,Foggy
2025-08-13,Mustard,Lucknow,416.24,2493,2817,2722,Foggy
2025-07-10,Maize,Bhopal,423.25,970,1162,1011,Cloudy
2025-06-01,Onion,Kanpur,479.49,2252,2878,2710,Sunny
2025-08-25,Wheat,Jaipur,261.99,1668,1916,1802,Cloudy
2025-05-07,Mustard,Delhi,250.63,1846,2579,1886,Humid
2025-08-22,Maize,Delhi,182.01,1001,1103,1074,Foggy
2025-10-20,Wheat,Indore,147.63,2432,2903,2533,Rainy
2025-06-22,Wheat,Bhopal,310.49,1865,2290,2130,Humid
2025-03-16,Maize,Indore,331.4,838,1163,860,Foggy
2025-10-27,Maize,Kanpur,296.3,1758,2248,1939,Rainy
2025-02-06,Potato,Lucknow,41.75,2290,2801,2797,Foggy
2025-01-01,Mustard,Jaipur,443.69,1019,1264,1141,Rainy
2025-04-30,Wheat,Lucknow,171.7,1342,1825,1802,Foggy
2025-07-23,Wheat,Indore,448.31,1888,2005,1905,Foggy
2025-10-13,Onion,Jaipur,136.45,1571,2069,1849,Foggy
2025-12-20,Potato,Delhi,102.72,2464,2886,2695,Sunny
2025-07-24,Mustard,Lucknow,200.79,1386,2121,1399,Sunny
2025-12-18,Onion,Jaipur,47.76,819,968,853,Humid
2025-04-12,Rice,Lucknow,38.7,2294,2428,2362,Foggy
2025-01-10,Rice,Jaipur,260.8,2282,3034,3012,Rainy
2025-11-01,Onion,Lucknow,107.75,1125,1838,1739,Sunny
2025-06-05,Rice,Jaipur,68.18,1248,1876,1347,Sunny
2025-06-07,Rice,Jaipur,103.44,2065,2409,2136,Foggy
2025-10-31,Onion,Lucknow,160.13,1043,1240,1073,Cloudy
2025-12-02,Onion,Kanpur,305.11,950,1636,1477,Sunny
2025-12-18,Maize,Kanpur,460.3,1386,1532,1497,Cloudy
2025-01-21,Rice,Jaipur,253.38,1216,1767,1473,Cloudy
2025-02-19,Onion,Bhopal,40.04,2223,2668,2592,Cloudy
2025-08-06,Potato,Indore,232.77,1595,2289,1664,Humid
2025-04-14,Onion,Jaipur,251.49,1208,1685,1488,Humid
2025-06-03,Rice,Kanpur,468.73,2112,2264,2129,Humid
2025-03-30,Mustard,Delhi,294.75,1382,1669,1419,Foggy
2025-09-08,Maize,Lucknow,366.46,2226,2863,2668,Sunny
2025-07-30,Potato,Lucknow,90.42,989,1430,1037,Rainy
2025-12-04,Wheat,Jaipur,330.1,2271,2918,2818,Humid
2025-06-25,Wheat,Jaipur,167.95,1994,2754,2676,Foggy
2025-03-28,Maize,Kanpur,212.66,1592,1909,1862,Foggy
2025-11-30,Potato,Bhopal,248.85,1607,2041,1954,Humid
2025-04-02,Mustard,Kanpur,122.28,1056,1850,1099,Sunny
2025-12-21,Wheat,Lucknow,81.23,1387,2134,2108,Cloudy
2025-09-23,Potato,Lucknow,14.8,1197,1306,1214,Humid
2025-11-25,Potato,Delhi,283.12,1245,1370,1343,Humid
2025-05-08,Rice,Bhopal,374.42,1448,2111,1840,Humid
2025-12-18,Maize,Kanpur,171.3,1451,2063,1759,Cloudy
2025-09-23,Potato,Lucknow,68.58,1713,2464,2312,Humid
2025-08-13,Potato,Jaipur,305.09,1224,1753,1556,Foggy
2025-02-20,Mustard,Lucknow,143.19,804,1344,1252,Rainy
2025-11-22,Rice,Jaipur,305.13,1903,2133,2102,Rainy
2025-12-24,Maize,Jaipur,354.73,2483,3241,2801,Sunny
2025-05-08,Wheat,Indore,291.74,1259,1861,1536,Rainy
2025-03-17,Maize,Lucknow,377.88,867,1614,984,Sunny
2025-09-01,Mustard,Lucknow,56.75,1983,2194,2048,Rainy
2025-10-08,Rice,Bhopal,166.93,1901,2184,2087,Sunny
2025-03-10,Rice,Kanpur,338.31,2344,2663,2370,Foggy
2025-12-06,Maize,Lucknow,188.05,1924,2088,1955,Rainy
2025-04-23,Rice,Indore,304.5,1840,1958,1929,Humid
2025-04-10,Onion,Jaipur,324.97,976,1545,1542,Rainy
2025-02-21,Wheat,Delhi,297.04,1095,1703,1557,Rainy
2025-12-02,Maize,Jaipur,62.2,2220,2490,2247,Rainy
2025-10-29,Onion,Lucknow,233.13,1162,1278,1230,Foggy
2025-02-04,Rice,Kanpur,359.92,1984,2205,2026,Sunny
2025-04-08,Wheat,Kanpur,175.19,1221,1611,1564,Cloudy
2025-09-22,Rice,Jaipur,159.47,1674,2008,1919,Rainy
2025-12-15,Onion,Delhi,280.08,1086,1821,1576,Sunny
2025-05-17,Rice,Delhi,461.53,1725,2304,2249,Sunny
2025-12-13,Maize,Lucknow,439.36,1997,2739,2472,Sunny
2025-07-04,Onion,Lucknow,286.06,1889,2111,1946,Sunny
2025-05-15,Rice,Jaipur,63.73,2329,2836,2372,Sunny
2025-01-14,Mustard,Indore,230.5,1110,1631,1591,Humid
2025-10-26,Mustard,Kanpur,388.67,2342,3087,3061,Rainy
2025-12-19,Rice,Indore,470.74,1611,1816,1657,Rainy
2025-02-17,Maize,Lucknow,79.77,990,1687,1274,Foggy
2025-08-22,Mustard,Delhi,172.63,1087,1832,1696,Sunny
2025-10-10,Potato,Bhopal,181.15,1436,2210,1496,Humid
2025-10-29,Wheat,Bhopal,95.21,2442,2667,2544,Rainy
2025-03-15,Onion,Delhi,163.55,1412,1860,1759,Sunny
2025-09-10,Rice,Lucknow,219.39,1997,2143,2009,Rainy
2025-09-06,Potato,Bhopal,196.28,2308,2751,2713,Cloudy
2025-08-24,Wheat,Bhopal,120.01,2486,2752,2646,Foggy
2025-05-11,Mustard,Indore,363.01,2256,2461,2310,Foggy
2025-05-03,Potato,Indore,170.4,2495,2800,2552,Sunny
2025-05-03,Onion,Delhi,31.23,898,1040,929,Humid
2025-05-22,Onion,Jaipur,335.15,1877,2253,1958,Humid
2025-03-09,Wheat,Delhi,231.13,1967,2417,2033,Cloudy
2025-11-09,Mustard,Kanpur,316.82,1834,2087,2022,Rainy
2025-06-05,Wheat,Kanpur,434.39,956,1256,1184,Foggy
2025-08-31,Mustard,Kanpur,151.66,2437,2610,2609,Foggy
2025-11-05,Onion,Kanpur,309.34,1847,2360,1900,Foggy
2025-04-08,Wheat,Delhi,314.43,1735,1945,1886,Sunny
2025-01-10,Maize,Kanpur,139.04,2444,2711,2618,Sunny
2025-12-28,Mustard,Lucknow,348.96,1821,2172,1845,Humid
2025-06-28,Onion,Indore,418.58,853,1569,1364,Foggy
2025-01-10,Onion,Jaipur,331.9,868,1420,1317,Cloudy
2025-12-25,Potato,Indore,378.54,1259,1752,1371,Foggy
2025-06-05,Wheat,Kanpur,406.49,2052,2159,2107,Foggy
2025-03-25,Onion,Bhopal,357.88,922,1593,1476,Sunny
2025-01-27,Onion,Delhi,306.62,1318,1993,1974,Foggy
2025-10-25,Wheat,Indore,412.46,2153,2770,2335,Foggy
2025-05-01,Onion,Jaipur,386.71,1053,1581,1197,Sunny
2025-08-16,Rice,Bhopal,320.45,1126,1335,1239,Cloudy
2025-05-13,Rice,Lucknow,387.95,1197,1494,1364,Sunny
2025-05-01,Potato,Kanpur,132.83,1908,2392,2291,Sunny
2025-09-10,Rice,Bhopal,221.94,1109,1331,1238,Cloudy
2025-08-20,Mustard,Indore,340.86,923,1231,1047,Rainy
2025-07-29,Potato,Bhopal,491.82,1961,2238,2167,Humid
2025-02-03,Wheat,Delhi,382.36,823,1545,1444,Foggy
2025-06-12,Wheat,Bhopal,453.57,1643,2031,1710,Humid
2025-05-28,Wheat,Indore,137.96,1322,1834,1511,Sunny
2025-03-16,Maize,Bhopal,91.04,1044,1607,1298,Cloudy
2025-01-20,Mustard,Kanpur,140.97,2140,2347,2211,Humid
2025-09-03,Potato,Jaipur,232.52,879,1145,929,Cloudy
2025-09-03,Maize,Lucknow,216.42,1645,2213,2128,Cloudy
2025-04-10,Mustard,Bhopal,98.64,1782,2526,2068,Rainy
2025-12-16,Maize,Indore,439.74,990,1669,1532,Humid
2025-09-18,Mustard,Indore,387.27,1712,1854,1777,Foggy
2025-05-18,Rice,Indore,186.77,2046,2292,2063,Rainy
2025-06-05,Wheat,Delhi,171.83,1062,1756,1458,Sunny
2025-12-02,Maize,Delhi,444.92,979,1182,1073,Rainy
2025-06-08,Onion,Kanpur,274.83,2195,2366,2275,Cloudy
2025-11-11,Potato,Indore,133.78,1487,2156,2127,Humid
2025-08-16,Onion,Jaipur,11.81,1537,1796,1774,Sunny
2025-05-13,Wheat,Jaipur,469.9,1143,1321,1231,Foggy
2025-05-24,Mustard,Indore,331.53,1080,1819,1747,Humid
2025-05-04,Rice,Indore,355.96,874,1062,938,Sunny
2025-10-15,Mustard,Jaipur,458.11,1686,1980,1732,Foggy
2025-12-12,Mustard,Lucknow,364.43,1635,2326,2131,Foggy
2025-08-21,Maize,Kanpur,21.76,1185,1297,1256,Cloudy
2025-09-25,Onion,Jaipur,481.43,2178,2458,2281,Cloudy
2025-08-14,Wheat,Jaipur,204.43,1072,1387,1269,Rainy
2025-10-18,Wheat,Bhopal,78.93,2313,2819,2453,Cloudy
2025-03-26,Onion,Jaipur,445.98,2320,2610,2342,Cloudy
2025-01-02,Rice,Bhopal,231.86,1139,1390,1375,Rainy
2025-12-23,Mustard,Lucknow,210.61,969,1382,1304,Foggy
2025-08-05,Rice,Indore,435.05,1697,2445,1855,Rainy
2025-04-27,Rice,Bhopal,50.44,1400,1546,1488,Sunny
2025-04-11,Rice,Indore,184.14,1703,2303,2065,Cloudy
2025-11-19,Onion,Indore,265.68,1500,1738,1686,Rainy
2025-12-22,Wheat,Lucknow,138.34,1464,1780,1779,Cloudy
2025-04-06,Potato,Jaipur,204.77,2473,2668,2646,Humid
2025-07-21,Maize,Jaipur,481.13,1204,1830,1420,Cloudy
2025-04-24,Mustard,Jaipur,187.51,2326,3076,2417,Cloudy
2025-07-02,Onion,Kanpur,337.2,1707,2268,1820,Rainy
2025-11-25,Mustard,Lucknow,433.78,1059,1637,1099,Foggy
2025-02-17,Mustard,Bhopal,49.5,2032,2159,2090,Humid
2025-01-06,Rice,Delhi,105.5,1849,2163,2161,Rainy
2025-04-27,Rice,Lucknow,147.94,1249,1461,1380,Humid
2025-01-03,Onion,Lucknow,254.69,1529,2269,1663,Rainy
2025-03-18,Onion,Delhi,219.81,926,1315,1256,Rainy
2025-11-25,Rice,Lucknow,110.04,1890,2037,1986,Sunny
2025-12-25,Potato,Kanpur,148.73,1433,1943,1512,Foggy
2025-10-06,Maize,Bhopal,142.11,1240,1827,1478,Rainy
2025-10-10,Rice,Lucknow,116.15,1213,1541,1439,Cloudy
2025-02-08,Maize,Indore,204.07,1719,2027,1971,Foggy
2025-05-27,Wheat,Lucknow,485.19,2342,3120,2527,Foggy
2025-08-18,Onion,Bhopal,43.29,976,1284,1063,Sunny
2025-11-16,Maize,Kanpur,19.7,2433,2780,2648,Rainy
2025-12-18,Rice,Bhopal,277.71,2373,2765,2593,Sunny
2025-10-05,Wheat,Kanpur,269.46,1944,2711,2438,Sunny
2025-01-24,Wheat,Kanpur,498.11,1422,1846,1438,Foggy
2025-04-20,Onion,Kanpur,399.36,1050,1313,1108,Humid
2025-12-14,Onion,Indore,475.97,2288,2942,2579,Humid
2025-06-16,Maize,Kanpur,45.94,1611,2345,1706,Sunny
2025-04-28,Onion,Jaipur,368.74,2427,3221,3135,Foggy
2025-05-28,Rice,Bhopal,48.35,856,1359,1173,Humid
2025-03-28,Onion,Kanpur,465.05,1841,2353,1952,Sunny
2025-03-06,Mustard,Delhi,274.14,1493,2009,1573,Humid
2025-12-21,Maize,Kanpur,65.48,1619,2149,1881,Sunny
2025-07-09,Mustard,Kanpur,238.35,1561,2178,1794,Humid
2025-09-25,Wheat,Lucknow,143.13,2488,3046,2711,Rainy
2025-04-27,Maize,Jaipur,33.45,1731,1874,1796,Cloudy
2025-03-05,Maize,Indore,435.37,1986,2510,2381,Foggy
2025-10-02,Maize,Jaipur,227.31,1541,2320,1848,Sunny
2025-06-14,Onion,Bhopal,107.15,1870,2657,1972,Foggy
2025-05-21,Potato,Lucknow,491.05,1777,2021,1923,Rainy
2025-06-19,Onion,Delhi,207.56,1486,2158,1677,Cloudy
2025-04-17,Onion,Bhopal,63.16,1710,2067,2006,Humid
2025-02-13,Mustard,Lucknow,346.13,2221,2704,2547,Sunny
2025-02-09,Maize,Jaipur,89.87,1832,2464,2126,Rainy
2025-10-07,Rice,Jaipur,239.02,1714,2071,1902,Sunny
2025-12-23,Rice,Delhi,249.51,2167,2619,2471,Foggy
2025-02-12,Maize,Indore,268.59,2121,2440,2192,Rainy
2025-12-12,Mustard,Lucknow,364.59,1239,1642,1610,Humid
2025-02-07,Potato,Kanpur,366.69,1086,1879,1194,Sunny
2025-05-28,Onion,Lucknow,149.88,998,1596,1194,Humid
2025-02-12,Rice,Indore,109.24,2072,2531,2336,Cloudy
2025-04-21,Wheat,Delhi,434.39,1199,1421,1244,Sunny
2025-11-10,Maize,Bhopal,176.58,1217,1725,1464,Cloudy
2025-03-10,Maize,Delhi,311.38,884,1203,990,Humid
2025-10-18,Potato,Bhopal,246.19,2421,2524,2523,Rainy
2025-11-17,Onion,Lucknow,302.0,1886,2463,2080,Rainy
2025-08-30,Wheat,Kanpur,94.74,1745,2100,2074,Cloudy
2025-11-30,Onion,Kanpur,476.23,1608,1804,1647,Foggy
2025-09-29,Rice,Kanpur,51.29,2390,2998,2531,Sunny
2025-09-21,Wheat,Indore,330.39,1234,2022,1753,Cloudy
2025-09-14,Maize,Kanpur,273.22,2148,2839,2249,Foggy
2025-11-11,Wheat,Jaipur,216.78,1766,2252,1904,Foggy
2025-03-03,Rice,Jaipur,234.8,1427,1974,1454,Foggy
2025-04-13,Maize,Kanpur,408.82,1624,2348,2027,Foggy
2025-04-24,Maize,Indore,141.15,1921,2516,2189,Rainy
2025-11-03,Potato,Indore,347.24,1764,2548,2311,Sunny
2025-10-15,Wheat,Kanpur,130.45,1039,1278,1208,Humid
2025-01-16,Wheat,Jaipur,165.82,1852,2215,1875,Sunny
2025-03-08,Rice,Bhopal,320.6,2334,2890,2845,Foggy
2025-06-09,Maize,Bhopal,117.49,2187,2324,2271,Humid
2025-04-21,Potato,Delhi,498.83,1003,1474,1198,Rainy
2025-08-22,Rice,Bhopal,477.63,1815,1972,1951,Humid
2025-09-13,Mustard,Jaipur,356.57,2297,3030,2586,Foggy
2025-12-31,Potato,Lucknow,423.02,974,1216,1048,Humid
2025-03-21,Rice,Jaipur,97.86,1821,2325,2268,Foggy
2025-11-03,Wheat,Lucknow,155.65,1203,1325,1248,Humid
2025-03-13,Potato,Kanpur,320.96,2227,2499,2383,Rainy
2025-12-12,Onion,Delhi,71.84,1307,1766,1389,Rainy
2025-07-18,Wheat,Jaipur,140.09,1337,1787,1627,Humid
2025-04-14,Onion,Lucknow,398.92,1854,2211,1953,Humid
2025-11-11,Maize,Kanpur,223.26,1387,1603,1438,Sunny
2025-07-11,Rice,Lucknow,115.59,910,1094,1086,Rainy
2025-09-22,Mustard,Indore,452.1,1941,2162,1972,Foggy
2025-05-02,Potato,Bhopal,91.26,1028,1282,1060,Foggy
2025-02-15,Mustard,Kanpur,101.87,1723,2465,2192,Humid
2025-05-19,Potato,Indore,87.97,1546,2306,2290,Cloudy
2025-05-21,Onion,Lucknow,155.99,1186,1749,1502,Cloudy
2025-07-01,Potato,Kanpur,82.52,826,970,942,Humid
2025-07-30,Rice,Jaipur,422.5,2118,2635,2625,Foggy
2025-11-03,Wheat,Indore,245.04,2019,2344,2220,Foggy
2025-02-02,Onion,Indore,216.08,2304,2707,2704,Rainy
2025-05-13,Maize,Delhi,113.4,835,1521,1069,Rainy
2025-06-15,Maize,Delhi,359.63,2441,3157,3104,Humid
2025-01-06,Wheat,Jaipur,300.66,1282,1775,1532,Rainy
2025-07-10,Potato,Lucknow,233.99,1664,2268,2142,Cloudy
2025-04-03,Wheat,Kanpur,120.3,1970,2462,2191,Sunny
2025-03-11,Rice,Kanpur,432.52,1064,1379,1192,Rainy
2025-06-12,Mustard,Indore,353.93,1456,1913,1848,Humid
2025-03-09,Mustard,Indore,475.89,2345,2928,2370,Rainy
2025-01-14,Mustard,Kanpur,95.35,2161,2799,2185,Rainy
2025-08-10,Potato,Jaipur,76.56,1736,1886,1860,Humid
2025-10-14,Maize,Indore,168.57,1394,1772,1502,Foggy
2025-05-05,Onion,Indore,249.78,1776,2443,2254,Humid
2025-07-06,Onion,Kanpur,425.94,857,1203,895,Humid
2025-12-13,Rice,Indore,383.69,2189,2888,2458,Sunny
2025-04-02,Wheat,Delhi,77.43,1975,2608,2164,Foggy
2025-07-09,Wheat,Delhi,155.36,890,1146,914,Rainy
2025-08-07,Maize,Indore,288.94,1586,2331,2213,Rainy
2025-01-31,Wheat,Indore,84.26,1277,1798,1740,Sunny
2025-05-18,Wheat,Bhopal,320.71,1806,2471,2068,Foggy
2025-09-28,Maize,Delhi,458.01,1876,2364,2278,Foggy
2025-01-12,Mustard,Bhopal,396.86,2399,2611,2579,Humid
2025-07-20,Rice,Jaipur,185.05,2147,2656,2260,Humid
2025-04-26,Potato,Indore,123.81,992,1197,1037,Humid
2025-06-17,Onion,Lucknow,407.63,1247,1424,1367,Cloudy
2025-04-28,Maize,Jaipur,335.14,1377,1685,1586,Humid
2025-08-15,Onion,Indore,413.75,2244,2759,2295,Humid
2025-04-24,Maize,Delhi,445.83,2425,3183,2961,Sunny
2025-08-26,Maize,Indore,75.12,884,1482,926,Cloudy
2025-11-17,Rice,Indore,173.75,2006,2714,2353,Cloudy
2025-10-06,Maize,Kanpur,401.67,1862,2557,2316,Sunny
2025-12-03,Rice,Delhi,363.06,903,1523,1303,Humid
2025-08-10,Maize,Lucknow,395.28,1057,1317,1293,Humid
2025-02-05,Mustard,Jaipur,418.77,1391,1685,1525,Foggy
2025-09-16,Maize,Bhopal,385.77,1715,2261,2111,Rainy
2025-02-17,Potato,Lucknow,185.5,924,1579,948,Foggy
2025-05-10,Wheat,Delhi,488.05,1071,1702,1190,Sunny
2025-03-03,Rice,Lucknow,469.3,1926,2340,2252,Humid
2025-11-12,Mustard,Kanpur,245.76,1996,2412,2036,Foggy
2025-05-23,Potato,Jaipur,206.35,861,1205,1182,Sunny
2025-05-28,Mustard,Delhi,315.56,848,1534,1199,Sunny
2025-12-22,Rice,Lucknow,407.29,2404,2956,2909,Sunny
2025-08-06,Maize,Indore,121.3,1827,2256,2102,Rainy
2025-09-30,Onion,Indore,138.83,1465,1615,1570,Humid
2025-02-15,Wheat,Lucknow,499.66,2180,2770,2524,Cloudy
2025-04-20,Onion,Lucknow,169.74,1341,1905,1368,Sunny
2025-06-21,Rice,Delhi,215.02,922,1265,979,Foggy
2025-06-29,Rice,Lucknow,238.78,2095,2227,2182,Foggy
2025-04-14,Maize,Lucknow,94.17,886,1501,1211,Foggy
2025-12-22,Potato,Lucknow,159.17,1596,1708,1617,Humid
2025-05-19,Rice,Indore,58.77,894,1590,1248,Cloudy
2025-05-03,Wheat,Indore,453.83,2027,2340,2175,Cloudy
2025-01-26,Onion,Kanpur,72.37,942,1708,1399,Humid
2025-07-18,Rice,Kanpur,296.1,1265,1810,1682,Foggy
2025-05-15,Onion,Jaipur,252.27,2292,3061,2447,Cloudy
2025-06-20,Maize,Kanpur,88.59,2457,2625,2472,Cloudy
2025-08-06,Potato,Lucknow,98.7,1739,2309,1766,Humid
2025-04-16,Mustard,Delhi,288.94,1722,2059,2036,Foggy
2025-12-25,Maize,Indore,167.72,1878,2501,2464,Rainy
2025-12-26,Wheat,Lucknow,493.76,1506,2035,1682,Sunny
2025-02-22,Potato,Kanpur,241.98,913,1336,1079,Rainy
2025-10-24,Wheat,Lucknow,169.01,1185,1346,1218,Sunny
2025-04-27,Potato,Lucknow,55.85,1845,2029,2010,Sunny
2025-02-19,Wheat,Kanpur,79.94,1697,2006,1974,Cloudy
2025-05-02,Maize,Bhopal,459.2,1783,2382,1793,Rainy
2025-04-20,Wheat,Kanpur,87.09,833,1610,968,Cloudy
2025-06-08,Rice,Lucknow,326.01,1728,1880,1825,Foggy
2025-11-02,Mustard,Bhopal,452.06,2040,2481,2471,Humid
2025-09-14,Onion,Indore,436.8,2397,3182,3000,Humid
2025-12-05,Maize,Kanpur,105.66,974,1768,1744,Sunny
2025-05-19,Maize,Bhopal,428.28,926,1495,973,Humid
2025-03-17,Rice,Jaipur,42.07,1657,2078,2050,Rainy
2025-03-10,Potato,Jaipur,128.57,831,1193,882,Humid
2025-03-31,Mustard,Lucknow,444.09,2098,2580,2272,Rainy
2025-07-25,Maize,Bhopal,432.87,1974,2261,2001,Sunny
2025-02-28,Rice,Bhopal,176.3,1403,1655,1419,Humid
2025-06-18,Rice,Delhi,80.25,1022,1639,1564,Foggy
2025-07-06,Rice,Delhi,78.45,1834,2347,2301,Humid
2025-03-13,Potato,Lucknow,415.91,1302,2061,1673,Rainy
2025-12-07,Onion,Kanpur,264.15,1362,1561,1459,Foggy
2025-07-19,Mustard,Delhi,145.99,1465,1656,1500,Rainy
2025-02-23,Mustard,Delhi,114.01,1695,2366,1828,Sunny
2025-09-02,Rice,Lucknow,13.53,1618,2176,1697,Foggy
2025-03-31,Wheat,Kanpur,189.99,858,1477,898,Humid
2025-06-10,Maize,Jaipur,74.14,1087,1365,1236,Rainy
2025-11-01,Rice,Indore,452.48,2500,3125,2692,Foggy
2025-02-08,Maize,Kanpur,393.8,2008,2267,2033,Foggy
2025-07-05,Mustard,Jaipur,333.13,2397,2960,2544,Foggy
2025-05-12,Onion,Delhi,70.92,1763,2478,2339,Foggy
2025-02-03,Potato,Jaipur,379.55,1563,1950,1918,Foggy
2025-02-28,Mustard,Kanpur,115.19,889,1172,1042,Cloudy
2025-08-18,Rice,Indore,104.66,2004,2303,2240,Foggy
2025-09-21,Potato,Lucknow,375.39,1628,2046,1681,Rainy
2025-11-20,Wheat,Kanpur,480.58,1144,1753,1739,Foggy
2025-10-05,Rice,Lucknow,141.37,1042,1177,1122,Cloudy
2025-08-12,Rice,Bhopal,297.26,1474,1882,1594,Cloudy
2025-11-18,Rice,Jaipur,491.48,1668,2207,2145,Cloudy
2025-03-27,Onion,Bhopal,295.22,2251,2646,2329,Rainy
2025-02-12,Maize,Bhopal,462.05,1724,2355,2054,Cloudy
2025-05-21,Maize,Indore,395.75,1557,1892,1672,Cloudy
2025-01-08,Onion,Bhopal,385.32,1360,2002,1363,Sunny
2025-10-02,Maize,Kanpur,384.54,1531,2140,2089,Foggy
2025-07-18,Potato,Lucknow,54.92,873,1400,1286,Sunny
2025-04-04,Wheat,Jaipur,334.3,2204,2915,2564,Sunny
2025-02-02,Mustard,Kanpur,277.88,1518,2134,1675,Sunny
2025-01-18,Onion,Bhopal,367.22,2295,3072,2624,Cloudy
2025-12-22,Maize,Kanpur,266.44,2081,2612,2264,Rainy
2025-11-18,Onion,Bhopal,294.4,2087,2314,2156,Sunny
2025-02-02,Maize,Jaipur,310.8,2479,3053,3034,Cloudy
2025-02-15,Potato,Lucknow,282.89,941,1417,1063,Foggy
2025-12-31,Maize,Jaipur,346.43,1302,1748,1507,Rainy
2025-07-22,Onion,Delhi,60.14,1984,2451,2038,Rainy
2025-02-20,Rice,Lucknow,107.51,1116,1301,1116,Cloudy
2025-01-08,Wheat,Jaipur,407.36,2421,2926,2831,Sunny
2025-06-19,Rice,Lucknow,352.06,1654,2120,1904,Humid
2025-09-07,Potato,Indore,34.19,1198,1511,1291,Sunny
2025-09-06,Wheat,Indore,113.4,1395,1911,1688,Cloudy
2025-04-14,Rice,Delhi,384.96,877,1056,953,Sunny
2025-07-28,Wheat,Lucknow,390.83,879,1015,992,Cloudy
2025-11-18,Maize,Lucknow,292.46,2387,2958,2829,Cloudy
2025-08-11,Maize,Kanpur,89.45,1911,2405,2378,Cloudy
2025-08-20,Mustard,Delhi,174.86,1976,2334,2227,Rainy
2025-08-23,Wheat,Jaipur,258.72,1065,1793,1623,Foggy
2025-01-29,Wheat,Bhopal,345.0,2169,2654,2331,Cloudy
2025-03-31,Maize,Bhopal,139.26,2257,2830,2547,Humid
2025-08-13,Wheat,Lucknow,141.65,1246,1650,1376,Cloudy
2025-03-15,Mustard,Indore,11.04,1991,2225,2162,Sunny
2025-05-19,Wheat,Delhi,104.11,1594,2303,2039,Foggy
2025-10-03,Maize,Indore,183.84,1298,1501,1430,Humid
2025-09-24,Maize,Lucknow,310.94,1927,2454,2157,Cloudy
2025-08-21,Wheat,Kanpur,418.79,911,1645,1494,Cloudy
2025-05-27,Wheat,Kanpur,485.59,1063,1200,1188,Cloudy
2025-05-14,Onion,Bhopal,458.38,1621,1814,1778,Sunny
2025-06-01,Mustard,Bhopal,131.0,954,1555,985,Foggy
2025-07-02,Mustard,Lucknow,28.35,2189,2881,2209,Rainy
2025-04-21,Potato,Lucknow,393.7,2239,2687,2347,Sunny
2025-02-23,Mustard,Kanpur,282.93,975,1218,1167,Cloudy
2025-12-05,Rice,Lucknow,219.5,2497,2937,2504,Humid
2025-11-11,Potato,Kanpur,298.38,1117,1670,1277,Cloudy
2025-08-15,Mustard,Bhopal,114.56,2180,2593,2278,Sunny
2025-01-23,Maize,Indore,311.72,1643,1910,1650,Sunny
2025-10-10,Wheat,Kanpur,264.45,1906,2589,2113,Rainy
2025-08-29,Onion,Delhi,410.39,1130,1880,1373,Rainy
2025-10-25,Mustard,Delhi,60.79,1914,2477,2327,Cloudy
2025-06-12,Wheat,Lucknow,242.33,2116,2505,2404,Humid
2025-08-09,Wheat,Delhi,358.16,915,1489,954,Cloudy
2025-09-25,Potato,Delhi,41.29,1649,2420,1950,Sunny
2025-06-18,Mustard,Jaipur,307.23,2445,2940,2937,Rainy
2025-11-15,Onion,Jaipur,232.69,2178,2944,2864,Sunny
2025-01-16,Potato,Delhi,261.6,2239,2831,2269,Humid
2025-06-27,Mustard,Indore,124.77,1072,1199,1177,Humid
2025-02-27,Maize,Jaipur,303.83,1144,1897,1661,Foggy
2025-10-11,Onion,Indore,396.37,2408,3124,2565,Cloudy
2025-06-12,Wheat,Kanpur,147.73,983,1433,1074,Cloudy
2025-06-04,Maize,Kanpur,72.52,2021,2708,2335,Rainy
2025-08-30,Wheat,Lucknow,352.98,2113,2289,2198,Humid
2025-12-09,Wheat,Bhopal,485.61,2024,2816,2276,Rainy
2025-03-11,Wheat,Indore,126.51,1433,2168,1584,Cloudy
2025-08-22,Maize,Indore,261.32,1471,2125,2095,Humid
2025-07-17,Wheat,Jaipur,30.46,1256,1996,1443,Sunny
2025-01-29,Mustard,Jaipur,214.17,2458,3096,2752,Humid
2025-05-12,Potato,Bhopal,97.97,2067,2723,2238,Rainy
2025-10-25,Onion,Jaipur,55.83,1282,1997,1584,Cloudy
2025-11-14,Onion,Kanpur,425.54,2445,2683,2585,Humid
2025-01-09,Onion,Indore,259.72,1892,2356,2256,Humid
2025-12-02,Rice,Lucknow,306.75,2045,2645,2634,Foggy
2025-11-07,Wheat,Kanpur,297.13,2403,2842,2832,Foggy
2025-10-01,Wheat,Delhi,266.46,2347,2886,2368,Humid
2025-01-16,Potato,Bhopal,439.26,1004,1701,1503,Cloudy
2025-11-25,Mustard,Kanpur,52.06,2133,2463,2267,Sunny
2025-10-13,Wheat,Bhopal,16.49,1021,1377,1240,Foggy
2025-04-05,Mustard,Bhopal,226.37,1972,2631,2019,Foggy
2025-08-03,Mustard,Kanpur,261.74,1292,1415,1360,Foggy
2025-02-28,Maize,Bhopal,92.99,1253,1524,1368,Sunny
2025-08-03,Mustard,Indore,25.0,1440,1955,1730,Humid
2025-06-04,Maize,Delhi,463.37,1832,2534,2332,Cloudy
2025-05-03,Maize,Kanpur,417.1,2435,2565,2515,Sunny
2025-06-04,Rice,Indore,278.15,1220,1994,1421,Rainy
2025-12-31,Wheat,Jaipur,105.79,1844,2007,1936,Humid
2025-05-09,Onion,Delhi,15.76,2342,2964,2722,Sunny
2025-09-24,Maize,Jaipur,403.31,854,1593,1564,Cloudy
2025-02-15,Maize,Indore,134.88,2018,2136,2101,Humid
2025-08-20,Mustard,Delhi,325.37,1207,1839,1502,Foggy
2025-07-23,Onion,Bhopal,92.64,1498,1918,1683,Sunny
2025-12-27,Maize,Delhi,263.78,1309,1667,1405,Cloudy
2025-11-24,Rice,Kanpur,439.34,1238,1667,1429,Humid
2025-05-20,Rice,Indore,400.91,933,1442,1345,Cloudy
2025-01-09,Onion,Bhopal,265.84,1462,1649,1565,Humid
2025-10-30,Potato,Kanpur,239.24,2067,2783,2160,Humid
2025-01-25,Mustard,Lucknow,183.61,2295,2706,2414,Humid
2025-03-17,Potato,Indore,347.09,2429,2559,2529,Humid
2025-06-03,Potato,Jaipur,28.24,1769,2523,2425,Foggy
2025-01-23,Maize,Indore,407.46,1987,2389,2335,Foggy
2025-12-04,Onion,Jaipur,52.85,2420,2818,2764,Humid
2025-06-03,Maize,Delhi,394.13,2175,2279,2186,Sunny
2025-05-08,Onion,Kanpur,295.25,2233,2830,2332,Foggy
2025-07-16,Wheat,Jaipur,83.31,2143,2718,2572,Humid
2025-04-29,Wheat,Kanpur,475.82,1790,2383,1989,Humid
2025-05-21,Mustard,Kanpur,45.92,2235,2424,2393,Rainy
2025-02-19,Mustard,Jaipur,263.24,2381,2764,2509,Foggy
2025-04-29,Mustard,Indore,430.86,1357,1929,1625,Sunny
2025-03-04,Mustard,Delhi,58.3,2099,2469,2446,Cloudy
2025-02-12,Wheat,Jaipur,405.69,850,1640,1428,Humid
2025-12-23,Maize,Bhopal,18.51,991,1264,1015,Rainy
2025-01-15,Potato,Jaipur,24.02,1758,1864,1864,Foggy
2025-11-13,Onion,Lucknow,233.02,1314,1951,1500,Rainy
2025-07-18,Mustard,Jaipur,179.96,2211,2942,2269,Sunny
2025-03-21,Maize,Delhi,354.54,2442,2748,2617,Humid
2025-05-30,Mustard,Jaipur,328.37,2344,2857,2603,Rainy
2025-09-01,Rice,Lucknow,358.51,1676,2304,2004,Cloudy
2025-12-17,Maize,Lucknow,300.66,999,1140,1010,Humid
2025-08-08,Potato,Lucknow,487.11,2355,2642,2396,Humid
2025-09-14,Mustard,Lucknow,207.17,1958,2259,2226,Foggy
2025-07-11,Mustard,Jaipur,258.85,1803,2238,1968,Cloudy
2025-05-23,Wheat,Lucknow,167.33,2388,3012,2945,Foggy
2025-10-03,Wheat,Kanpur,352.64,1368,2145,1901,Rainy
2025-02-01,Mustard,Kanpur,172.35,1092,1572,1422,Humid
2025-04-28,Mustard,Lucknow,448.98,2211,2704,2232,Foggy
2025-06-28,Maize,Bhopal,144.61,1742,2202,2114,Humid
2025-04-08,Mustard,Jaipur,373.96,1883,2316,1899,Sunny
2025-11-26,Rice,Bhopal,356.04,2213,2509,2372,Cloudy
2025-06-02,Rice,Indore,441.62,1775,2275,2026,Rainy
2025-08-08,Maize,Lucknow,27.89,821,1272,996,Cloudy
2025-01-12,Mustard,Lucknow,324.14,2147,2332,2306,Humid
2025-01-27,Maize,Bhopal,302.94,2137,2749,2689,Humid
2025-12-06,Mustard,Jaipur,403.38,1536,2288,2219,Cloudy
2025-08-05,Rice,Lucknow,374.18,2279,2660,2445,Humid
2025-10-26,Potato,Kanpur,285.19,2485,2765,2652,Foggy
2025-01-22,Onion,Lucknow,475.76,1671,2195,1948,Cloudy
2025-04-28,Potato,Kanpur,79.29,1783,2323,1845,Humid
2025-09-02,Potato,Lucknow,477.7,2018,2645,2530,Foggy
2025-01-29,Mustard,Bhopal,284.66,1858,2335,2302,Foggy
2025-11-10,Potato,Jaipur,21.05,2187,2754,2330,Rainy
2025-09-15,Maize,Kanpur,485.69,1412,1600,1575,Foggy
2025-12-28,Onion,Kanpur,21.9,1980,2096,1987,Foggy
2025-04-29,Wheat,Delhi,156.69,2396,3171,2672,Sunny
2025-05-21,Wheat,Kanpur,108.43,1028,1756,1711,Foggy
2025-01-12,Mustard,Indore,307.67,2171,2670,2649,Humid
2025-05-02,Onion,Lucknow,62.38,1812,2373,2274,Sunny
2025-03-01,Potato,Delhi,322.82,1939,2459,2402,Humid
2025-11-26,Potato,Jaipur,472.29,1066,1548,1162,Foggy
2025-04-05,Wheat,Indore,32.25,940,1053,1002,Rainy
2025-05-24,Maize,Jaipur,61.59,1892,2194,1973,Foggy
2025-12-22,Mustard,Kanpur,380.21,1372,2124,1773,Cloudy
2025-07-06,Onion,Lucknow,427.06,1184,1489,1191,Sunny
2025-01-17,Onion,Lucknow,413.73,983,1116,988,Rainy
2025-12-05,Onion,Delhi,236.59,1174,1901,1213,Rainy
2025-04-10,Onion,Jaipur,208.66,1443,1786,1522,Foggy
2025-12-11,Potato,Delhi,33.34,1521,2167,1862,Foggy
2025-05-31,Wheat,Bhopal,94.26,1695,1812,1720,Rainy
2025-04-13,Wheat,Delhi,475.61,2367,2582,2507,Sunny
2025-07-07,Wheat,Delhi,208.62,2095,2247,2168,Humid
2025-12-08,Onion,Bhopal,358.19,1812,1974,1823,Rainy
2025-05-07,Wheat,Lucknow,76.62,1801,1974,1850,Cloudy
2025-04-15,Mustard,Lucknow,209.07,1106,1535,1329,Cloudy
2025-12-14,Maize,Delhi,36.11,1199,1460,1457,Rainy
2025-04-20,Mustard,Bhopal,394.79,1610,2327,2038,Humid
2025-11-16,Potato,Bhopal,355.98,2210,2905,2724,Humid
2025-12-22,Mustard,Kanpur,213.53,2202,2570,2528,Foggy
2025-06-18,Rice,Indore,485.26,1703,2211,2152,Sunny
2025-01-29,Onion,Jaipur,285.43,2017,2265,2134,Sunny
2025-09-17,Wheat,Delhi,37.5,1677,2415,2403,Rainy
2025-04-24,Onion,Bhopal,186.97,2367,2650,2549,Humid
2025-03-01,Wheat,Bhopal,423.87,1941,2515,2152,Sunny
2025-05-30,Maize,Bhopal,79.33,1698,1857,1855,Foggy
2025-05-13,Potato,Kanpur,74.82,2430,2667,2664,Humid
2025-12-02,Wheat,Jaipur,475.01,2141,2523,2180,Humid
2025-11-23,Mustard,Delhi,49.5,2363,3030,2661,Cloudy
2025-06-21,Mustard,Lucknow,47.42,2036,2801,2352,Rainy
2025-11-19,Rice,Kanpur,420.94,2365,3156,2796,Humid
2025-12-23,Mustard,Jaipur,400.62,1605,2363,2128,Humid
2025-10-31,Wheat,Jaipur,153.09,1249,1635,1606,Rainy
2025-04-08,Maize,Lucknow,187.27,1952,2102,2054,Sunny
2025-01-31,Wheat,Jaipur,117.51,1079,1669,1182,Rainy
2025-08-30,Wheat,Lucknow,377.2,1103,1308,1276,Foggy
2025-02-06,Onion,Delhi,436.94,2160,2764,2742,Rainy
2025-10-24,Potato,Indore,50.82,2481,2863,2618,Sunny
2025-01-28,Onion,Kanpur,294.94,832,1541,1208,Rainy
2025-03-08,Mustard,Delhi,56.17,1755,2101,1899,Rainy
2025-05-20,Potato,Delhi,261.35,2442,3004,2693,Humid
2025-08-15,Rice,Jaipur,408.3,975,1163,1085,Humid
2025-08-13,Potato,Jaipur,152.67,1899,2647,2288,Cloudy
2025-03-14,Rice,Jaipur,386.14,2425,2776,2496,Rainy
2025-08-24,Wheat,Kanpur,56.45,1167,1393,1197,Sunny
2025-01-16,Rice,Jaipur,261.28,1016,1808,1140,Humid
2025-10-29,Maize,Jaipur,61.56,1964,2324,2179,Cloudy
2025-08-08,Potato,Indore,289.68,2272,2909,2787,Cloudy
2025-10-02,Rice,Lucknow,108.6,1517,2198,1849,Cloudy
2025-01-06,Wheat,Lucknow,331.02,2119,2581,2482,Humid
2025-11-17,Wheat,Delhi,166.46,1399,2104,1740,Rainy
2025-07-23,Wheat,Kanpur,232.26,1801,2462,2353,Humid
2025-08-13,Mustard,Delhi,10.81,1553,2028,1650,Rainy
2025-11-29,Rice,Kanpur,130.76,2455,2731,2535,Rainy
2025-01-25,Onion,Kanpur,441.68,1584,2192,2081,Sunny
2025-08-06,Wheat,Jaipur,400.7,2284,2789,2725,Sunny
2025-09-25,Rice,Lucknow,411.01,894,1240,945,Rainy
2025-06-06,Onion,Jaipur,197.79,1089,1780,1464,Cloudy
2025-03-24,Maize,Indore,407.34,2497,2732,2699,Humid
2025-05-18,Mustard,Indore,317.35,2441,3204,3138,Sunny
2025-03-11,Potato,Delhi,184.81,2481,2740,2695,Sunny
2025-01-20,Rice,Bhopal,206.85,1715,2473,2224,Foggy
2025-11-05,Wheat,Jaipur,403.86,877,1116,1020,Sunny
2025-11-08,Onion,Lucknow,314.61,856,1543,1120,Humid
2025-06-23,Maize,Bhopal,331.4,2442,3156,3108,Foggy
2025-09-13,Maize,Bhopal,145.47,1483,1842,1796,Foggy
2025-10-08,Onion,Bhopal,116.9,2088,2296,2198,Sunny
2025-05-10,Rice,Kanpur,277.98,831,1596,869,Humid
2025-07-10,Rice,Indore,327.36,1978,2668,2120,Foggy
2025-01-08,Maize,Kanpur,396.69,2128,2818,2141,Foggy
2025-05-14,Onion,Delhi,275.64,1621,2322,2151,Cloudy
2025-12-21,Mustard,Jaipur,292.2,1847,2633,2276,Cloudy
2025-04-14,Mustard,Jaipur,422.97,2465,2607,2508,Foggy
2025-10-12,Potato,Kanpur,335.69,2213,2380,2347,Cloudy
2025-03-26,Rice,Delhi,249.87,1352,1790,1457,Foggy
2025-07-09,Potato,Jaipur,47.4,1077,1405,1292,Sunny
2025-12-12,Onion,Jaipur,364.02,1053,1348,1255,Foggy
2025-07-24,Maize,Kanpur,321.03,1533,2179,1682,Humid
2025-02-19,Maize,Lucknow,401.66,1911,2144,2021,Rainy
2025-01-08,Wheat,Kanpur,108.59,1667,1996,1671,Foggy
2025-05-25,Onion,Indore,345.96,1509,2120,1769,Rainy
2025-03-10,Wheat,Kanpur,219.8,2040,2159,2135,Rainy
2025-07-19,Maize,Kanpur,106.64,1331,1452,1336,Rainy
2025-03-27,Onion,Indore,99.78,1113,1614,1306,Sunny
2025-10-05,Mustard,Delhi,431.45,1617,2348,2148,Sunny
2025-12-24,Rice,Bhopal,318.43,1600,2152,1816,Foggy
2025-03-01,Onion,Indore,377.35,926,1528,1125,Rainy
2025-10-24,Mustard,Bhopal,81.45,1455,1964,1798,Foggy
2025-12-25,Mustard,Jaipur,191.13,1834,2388,2346,Foggy
2025-02-14,Onion,Kanpur,93.63,1790,1924,1923,Rainy
2025-03-21,Potato,Kanpur,17.47,1769,1934,1828,Sunny
2025-06-14,Potato,Kanpur,48.32,1943,2340,2206,Humid
2025-12-25,Potato,Lucknow,276.62,1833,2614,2327,Foggy
2025-06-13,Onion,Jaipur,368.22,2101,2817,2670,Cloudy
2025-11-08,Rice,Jaipur,194.65,1059,1433,1088,Humid
2025-05-13,Rice,Bhopal,110.7,1066,1840,1151,Foggy
2025-06-10,Potato,Delhi,100.97,2195,2309,2266,Sunny
2025-06-15,Rice,Bhopal,129.42,2060,2417,2141,Rainy
2025-01-20,Mustard,Lucknow,425.24,1598,2297,1761,Cloudy
2025-05-26,Maize,Lucknow,247.45,1516,1650,1571,Sunny
2025-06-11,Maize,Jaipur,401.38,1459,2212,2128,Rainy
2025-08-28,Rice,Indore,170.97,2396,2702,2696,Sunny
2025-01-13,Maize,Kanpur,436.83,2237,2836,2693,Rainy
2025-05-08,Onion,Lucknow,46.16,1507,2122,2053,Foggy
2025-11-07,Mustard,Kanpur,123.24,1119,1327,1266,Rainy
2025-08-26,Potato,Kanpur,109.07,1607,2121,2080,Humid
2025-01-28,Maize,Bhopal,32.51,2219,2743,2324,Sunny
2025-08-04,Potato,Bhopal,109.96,985,1241,1074,Cloudy
2025-08-01,Wheat,Indore,65.96,1608,1957,1940,Humid
2025-05-23,Rice,Jaipur,260.89,1126,1496,1310,Humid
2025-07-04,Rice,Bhopal,195.42,1355,1568,1387,Cloudy
2025-12-07,Onion,Kanpur,403.04,2022,2714,2615,Cloudy
2025-08-17,Rice,Delhi,263.49,2127,2747,2246,Sunny
2025-09-26,Wheat,Lucknow,110.88,2069,2719,2447,Sunny
2025-01-17,Maize,Bhopal,365.27,879,1404,999,Foggy
2025-01-31,Onion,Lucknow,105.78,2446,3059,2934,Cloudy
2025-08-01,Rice,Indore,216.2,858,1020,888,Rainy
2025-10-05,Onion,Bhopal,397.71,1684,2434,2067,Sunny
2025-11-16,Potato,Indore,226.8,1012,1426,1040,Foggy
2025-02-23,Wheat,Indore,417.97,2347,3086,2847,Sunny
2025-12-19,Mustard,Delhi,365.42,1572,1837,1790,Humid
2025-09-27,Maize,Jaipur,84.93,1380,1901,1512,Cloudy
2025-01-14,Onion,Delhi,198.04,954,1596,1240,Rainy
2025-01-01,Wheat,Kanpur,389.75,2480,2691,2608,Foggy
2025-02-03,Wheat,Lucknow,143.16,2362,2653,2580,Rainy
2025-05-03,Maize,Jaipur,145.84,1950,2109,1975,Foggy
2025-07-31,Maize,Bhopal,455.36,2477,2641,2571,Rainy
2025-07-08,Wheat,Delhi,453.29,2033,2398,2214,Foggy
2025-05-08,Maize,Delhi,355.88,2084,2668,2490,Rainy
2025-08-14,Maize,Lucknow,35.35,2128,2545,2427,Humid
2025-04-25,Rice,Lucknow,230.06,1788,2068,2009,Rainy
2025-01-26,Rice,Delhi,102.99,1776,2393,1915,Sunny
2025-12-05,Wheat,Indore,481.54,2259,2969,2408,Humid
2025-12-16,Mustard,Indore,380.22,1272,1435,1319,Humid
2025-01-12,Potato,Lucknow,321.67,1716,2064,1736,Humid
2025-11-13,Potato,Indore,286.52,2275,2872,2298,Sunny
2025-03-31,Mustard,Lucknow,79.57,1004,1306,1105,Cloudy
2025-04-07,Mustard,Kanpur,220.63,1216,1901,1510,Foggy
2025-05-11,Wheat,Kanpur,321.9,1266,1700,1527,Rainy
2025-08-15,Rice,Bhopal,298.67,1572,2212,1627,Cloudy
2025-04-10,Onion,Bhopal,261.77,802,1287,1056,Foggy
2025-05-29,Mustard,Lucknow,413.21,2046,2270,2159,Humid
2025-05-24,Mustard,Bhopal,302.93,1571,2309,1726,Humid
2025-08-29,Rice,Lucknow,227.06,2179,2369,2352,Rainy
2025-06-27,Wheat,Kanpur,451.52,1177,1844,1365,Sunny
2025-07-04,Onion,Jaipur,192.07,1676,1966,1831,Sunny
2025-04-29,Rice,Indore,119.45,1663,1782,1726,Foggy
2025-09-22,Maize,Kanpur,252.16,1059,1704,1457,Sunny
2025-06-10,Rice,Bhopal,187.03,2340,2496,2431,Sunny
2025-04-05,Mustard,Lucknow,253.41,1455,1623,1554,Rainy
2025-03-06,Maize,Jaipur,241.11,1008,1270,1071,Foggy
2025-11-11,Maize,Kanpur,336.71,2078,2220,2127,Cloudy
2025-02-02,Rice,Bhopal,59.8,940,1250,1189,Cloudy
2025-10-12,Onion,Kanpur,28.19,2364,2555,2400,Foggy
2025-06-04,Onion,Bhopal,112.85,2263,2461,2303,Sunny
2025-07-28,Mustard,Bhopal,266.73,2004,2375,2076,Rainy
2025-12-03,Potato,Delhi,195.97,1382,1915,1575,Cloudy
2025-08-07,Onion,Bhopal,442.74,1479,1997,1787,Foggy
2025-03-13,Maize,Kanpur,267.34,1727,2318,2014,Humid
2025-12-14,Mustard,Kanpur,109.87,949,1693,1621,Humid
2025-08-08,Maize,Jaipur,235.73,2358,2978,2883,Humid
2025-11-04,Rice,Lucknow,375.42,1995,2178,2005,Humid
2025-03-10,Wheat,Kanpur,204.8,2184,2859,2318,Foggy
2025-07-07,Maize,Bhopal,173.49,2327,2769,2520,Sunny
2025-07-24,Wheat,Kanpur,308.02,1131,1781,1546,Cloudy
2025-03-17,Mustard,Bhopal,321.23,1598,2230,1624,Rainy
2025-03-02,Potato,Kanpur,172.79,1078,1537,1121,Humid
2025-10-17,Maize,Lucknow,248.97,1788,2400,2167,Sunny
2025-03-31,Potato,Bhopal,461.96,2194,2418,2221,Humid
2025-12-04,Rice,Kanpur,121.93,1880,2073,1894,Foggy
2025-12-26,Maize,Indore,173.54,1243,1855,1368,Foggy
2025-08-09,Potato,Delhi,362.25,2265,2654,2306,Cloudy
2025-08-26,Mustard,Jaipur,195.65,1796,2303,1911,Rainy
2025-02-01,Onion,Indore,489.6,1334,1512,1373,Humid
2025-11-24,Onion,Delhi,177.61,1592,1981,1859,Sunny
2025-07-10,Mustard,Lucknow,200.62,2471,2574,2506,Foggy
2025-01-04,Mustard,Bhopal,438.27,1130,1911,1837,Humid
2025-04-25,Onion,Delhi,286.56,1074,1512,1354,Rainy
2025-10-31,Potato,Kanpur,345.72,901,1085,1041,Foggy
2025-04-22,Mustard,Jaipur,38.76,2420,2764,2492,Cloudy
2025-03-25,Wheat,Bhopal,171.25,2424,3087,2710,Foggy
2025-09-28,Wheat,Bhopal,367.88,2262,2756,2551,Sunny
2025-01-22,Maize,Jaipur,28.76,1203,1421,1217,Foggy
2025-11-11,Maize,Lucknow,323.43,1943,2592,2352,Sunny
2025-07-21,Mustard,Kanpur,106.0,939,1599,1463,Humid
2025-04-22,Potato,Lucknow,378.16,1338,1746,1426,Foggy
2025-07-06,Onion,Lucknow,274.52,2075,2435,2195,Rainy
2025-04-04,Potato,Delhi,241.56,1826,2203,1883,Humid
2025-02-10,Potato,Lucknow,169.85,2160,2396,2295,Foggy
2025-01-02,Potato,Indore,415.16,912,1609,1280,Rainy
2025-02-22,Rice,Jaipur,122.76,1297,1671,1634,Rainy
2025-07-15,Potato,Indore,50.23,1890,2340,2102,Cloudy
2025-01-12,Rice,Bhopal,149.72,2158,2805,2480,Foggy
2025-09-04,Potato,Kanpur,338.53,2121,2535,2147,Humid
2025-06-02,Wheat,Delhi,149.77,2378,3088,2945,Foggy
2025-02-27,Onion,Lucknow,126.47,2294,2860,2379,Humid
2025-07-15,Onion,Delhi,373.22,2213,2351,2311,Sunny
2025-08-07,Rice,Indore,181.24,1119,1302,1253,Foggy
2025-09-11,Rice,Jaipur,489.72,1155,1420,1159,Humid
2025-09-18,Potato,Indore,74.62,1517,2017,1871,Sunny
2025-06-01,Mustard,Indore,440.14,1382,1635,1515,Humid
2025-01-12,Mustard,Kanpur,252.88,1842,2183,1953,Sunny
2025-02-05,Rice,Lucknow,431.15,1067,1328,1308,Rainy
2025-11-24,Onion,Lucknow,402.27,2064,2640,2348,Sunny
2025-03-01,Rice,Kanpur,384.9,2456,3218,2601,Sunny
2025-07-19,Mustard,Jaipur,132.71,2153,2845,2529,Sunny
2025-05-12,Onion,Delhi,493.9,1725,2061,1767,Humid
2025-09-30,Maize,Delhi,400.69,2090,2212,2125,Cloudy
2025-07-26,Potato,Jaipur,333.69,1387,1566,1389,Sunny
2025-08-24,Onion,Lucknow,115.66,1706,2209,2172,Rainy
2025-07-31,Maize,Kanpur,237.29,1940,2340,1991,Sunny
2025-08-31,Onion,Delhi,451.38,1382,1510,1439,Cloudy
2025-12-24,Wheat,Bhopal,481.11,2102,2655,2182,Sunny
2025-04-29,Mustard,Kanpur,354.79,1340,1902,1412,Humid
2025-12-06,Onion,Bhopal,276.63,1177,1887,1316,Humid
2025-05-06,Maize,Indore,360.91,2386,2849,2803,Cloudy
2025-07-23,Potato,Lucknow,263.85,1607,2088,2083,Foggy
2025-08-22,Mustard,Indore,51.07,2377,3152,2940,Rainy
2025-04-06,Maize,Lucknow,462.27,2166,2416,2400,Foggy
2025-06-03,Onion,Kanpur,131.75,1819,1960,1822,Cloudy
2025-09-21,Wheat,Kanpur,80.51,2103,2398,2397,Cloudy
2025-11-25,Maize,Jaipur,183.57,1963,2732,2562,Foggy
2025-08-23,Onion,Lucknow,58.2,2120,2314,2290,Rainy
2025-08-03,Maize,Lucknow,308.6,940,1695,1205,Sunny
2025-07-23,Onion,Bhopal,443.71,1472,1575,1537,Sunny
2025-09-10,Potato,Delhi,370.22,1835,2163,2110,Sunny
2025-09-08,Mustard,Delhi,396.68,1911,2327,1996,Rainy
2025-04-10,Onion,Lucknow,81.32,1340,2119,2108,Foggy
2025-07-04,Maize,Bhopal,205.86,1488,2032,1829,Humid
2025-07-20,Wheat,Indore,104.81,1277,1740,1291,Cloudy
2025-06-20,Maize,Bhopal,334.47,1070,1576,1237,Foggy
2025-07-15,Mustard,Bhopal,84.81,1325,1626,1347,Sunny
2025-05-26,Rice,Jaipur,175.29,2376,3169,2844,Humid
2025-05-04,Rice,Indore,475.14,988,1603,1021,Rainy
2025-02-26,Mustard,Delhi,192.75,2200,2990,2706,Foggy
2025-01-07,Potato,Lucknow,490.17,941,1535,1104,Rainy
2025-10-18,Mustard,Delhi,79.87,2186,2765,2733,Foggy
2025-12-04,Wheat,Kanpur,418.41,2452,2626,2586,Sunny
2025-04-30,Rice,Bhopal,407.08,867,1567,1377,Sunny
2025-06-02,Potato,Delhi,255.86,2102,2256,2113,Humid
2025-03-10,Mustard,Lucknow,277.39,941,1518,1465,Humid
2025-02-04,Onion,Lucknow,136.56,1994,2411,2165,Humid
2025-10-22,Rice,Delhi,429.57,2042,2278,2096,Foggy
2025-11-17,Maize,Kanpur,465.68,1602,2012,1854,Sunny
2025-08-24,Onion,Bhopal,42.99,2050,2288,2158,Humid
2025-05-19,Maize,Delhi,199.07,2225,2445,2252,Rainy
2025-08-23,Potato,Indore,290.46,1654,1769,1661,Foggy
2025-12-02,Rice,Lucknow,176.06,940,1084,1032,Foggy
2025-05-12,Potato,Delhi,254.66,1588,2044,1989,Foggy
2025-12-13,Rice,Bhopal,440.28,2457,3087,2680,Rainy
2025-08-11,Potato,Lucknow,208.4,1891,2055,1899,Foggy
2025-07-10,Rice,Bhopal,17.77,831,1086,858,Humid
2025-07-31,Wheat,Bhopal,45.21,1430,1965,1937,Humid
2025-05-10,Maize,Lucknow,262.12,1791,2233,2056,Cloudy
2025-01-15,Onion,Bhopal,196.91,2474,3018,2818,Sunny
2025-06-13,Potato,Jaipur,471.64,940,1568,1480,Sunny
2025-05-10,Wheat,Delhi,442.57,2470,2907,2582,Foggy
2025-08-06,Onion,Delhi,11.51,1828,2410,1891,Cloudy
2025-05-12,Mustard,Jaipur,366.21,1108,1571,1485,Sunny
2025-05-20,Rice,Kanpur,185.01,1047,1746,1457,Foggy
2025-08-02,Mustard,Bhopal,227.89,2013,2206,2066,Foggy
2025-08-16,Onion,Jaipur,168.38,876,1499,981,Sunny
2025-11-26,Rice,Delhi,166.27,1046,1185,1092,Cloudy
2025-08-07,Maize,Delhi,151.97,2295,3080,2705,Cloudy
2025-10-25,Mustard,Lucknow,114.22,2341,2535,2401,Sunny
2025-06-02,Potato,Delhi,413.69,1823,2041,1940,Sunny
2025-04-03,Maize,Kanpur,142.94,1952,2291,2076,Foggy
2025-11-05,Mustard,Jaipur,483.64,1694,2424,1804,Humid
2025-09-06,Potato,Delhi,100.59,1846,2628,2109,Rainy
2025-09-09,Wheat,Jaipur,337.68,2169,2363,2205,Sunny
2025-09-17,Mustard,Jaipur,135.72,2385,3037,2417,Humid
2025-04-16,Onion,Indore,466.72,1227,1631,1483,Humid
2025-09-09,Wheat,Kanpur,487.14,1896,2006,1957,Foggy
2025-11-11,Potato,Indore,196.37,2125,2246,2174,Humid
2025-09-12,Maize,Jaipur,470.98,2015,2415,2277,Humid
2025-10-20,Rice,Jaipur,446.11,2349,2558,2378,Rainy
2025-12-27,Wheat,Lucknow,378.75,841,1630,1506,Cloudy
2025-11-14,Potato,Bhopal,235.84,2003,2553,2387,Foggy
2025-05-07,Wheat,Delhi,244.25,1862,2194,2035,Rainy
2025-08-15,Rice,Delhi,470.96,2396,2727,2560,Cloudy
2025-09-17,Mustard,Indore,137.6,1943,2742,2533,Sunny
2025-06-20,Maize,Jaipur,264.9,2079,2788,2111,Foggy
2025-10-24,Rice,Delhi,40.82,1028,1709,1457,Humid
2025-03-21,Wheat,Bhopal,400.74,1737,1912,1852,Foggy
2025-10-01,Maize,Indore,419.52,1686,2060,1799,Humid
2025-05-13,Onion,Lucknow,210.89,1886,2476,2329,Cloudy
2025-10-23,Maize,Indore,438.07,2214,2471,2347,Foggy
2025-03-21,Mustard,Lucknow,51.49,1452,1779,1636,Cloudy
2025-05-07,Wheat,Lucknow,246.91,1109,1405,1233,Cloudy
2025-09-29,Maize,Jaipur,442.42,2344,2639,2472,Rainy
2025-09-16,Onion,Kanpur,425.78,2197,2856,2391,Sunny
2025-11-12,Rice,Kanpur,387.16,2092,2883,2813,Humid
2025-11-11,Rice,Jaipur,192.5,2071,2207,2103,Humid
2025-12-17,Onion,Jaipur,320.84,1807,2348,2288,Humid
2025-07-20,Wheat,Delhi,478.62,2091,2551,2507,Humid
2025-09-18,Rice,Bhopal,142.97,899,1472,1137,Foggy
2025-08-10,Potato,Kanpur,61.69,963,1338,976,Cloudy
2025-06-11,Wheat,Jaipur,459.77,951,1253,1101,Rainy
2025-10-21,Maize,Kanpur,157.81,1719,1901,1850,Sunny
2025-09-09,Maize,Kanpur,365.39,2317,2919,2407,Humid
2025-02-16,Potato,Lucknow,24.75,2380,2834,2692,Foggy
2025-04-26,Rice,Jaipur,360.56,828,1057,851,Foggy
2025-12-29,Rice,Bhopal,200.7,2492,3009,2730,Foggy
2025-08-12,Potato,Lucknow,273.99,1406,1705,1703,Foggy
2025-03-07,Maize,Lucknow,277.89,977,1521,1470,Foggy
2025-10-01,Potato,Kanpur,207.45,1580,1934,1679,Cloudy
2025-01-20,Mustard,Bhopal,36.79,985,1188,1076,Foggy
2025-11-25,Onion,Lucknow,53.07,2118,2709,2271,Humid
2025-04-15,Onion,Indore,79.04,1326,2070,1500,Foggy
2025-03-11,Mustard,Bhopal,141.0,1555,2167,1709,Cloudy
2025-05-18,Mustard,Jaipur,363.58,2065,2278,2139,Humid
2025-05-21,Wheat,Lucknow,371.46,1903,2530,2005,Cloudy
2025-10-28,Rice,Lucknow,308.94,1854,2590,1942,Rainy
2025-11-04,Mustard,Delhi,12.49,1193,1481,1390,Sunny
2025-06-15,Mustard,Delhi,460.1,1021,1393,1093,Rainy
2025-07-30,Mustard,Kanpur,451.95,2072,2450,2418,Humid
2025-05-13,Wheat,Kanpur,195.53,1812,2287,2007,Cloudy
2025-08-01,Potato,Lucknow,392.18,2056,2200,2159,Rainy
2025-03-04,Mustard,Delhi,50.9,1365,1668,1617,Sunny
2025-09-11,Rice,Delhi,27.02,1795,2177,1901,Cloudy
2025-09-08,Rice,Indore,331.66,1828,2260,2072,Sunny
2025-06-17,Onion,Jaipur,433.77,1248,1914,1276,Humid
2025-05-29,Potato,Delhi,455.26,1878,2313,2059,Foggy
2025-12-16,Maize,Indore,173.83,1143,1415,1156,Humid
2025-03-02,Mustard,Jaipur,92.0,2337,2765,2581,Cloudy
2025-06-05,Wheat,Indore,14.32,1265,1758,1458,Sunny
2025-02-14,Potato,Jaipur,129.95,1187,1401,1273,Cloudy
2025-09-30,Onion,Indore,442.89,2378,2814,2595,Cloudy
2025-03-16,Mustard,Bhopal,272.75,1532,1909,1579,Sunny
2025-01-16,Maize,Lucknow,375.23,1781,2151,2083,Foggy
2025-04-20,Wheat,Delhi,234.25,908,1616,1212,Sunny
2025-04-03,Wheat,Kanpur,187.14,1681,1792,1757,Sunny
2025-12-13,Mustard,Indore,341.45,1838,2473,2011,Rainy
2025-08-20,Rice,Indore,79.91,1684,2238,1965,Rainy
2025-08-04,Mustard,Bhopal,36.93,1770,1884,1863,Humid
2025-10-23,Mustard,Indore,89.77,1994,2126,2123,Rainy
2025-03-13,Mustard,Lucknow,286.97,1945,2718,2394,Humid
2025-04-12,Onion,Jaipur,293.94,2357,3059,2562,Sunny
2025-08-26,Potato,Kanpur,322.87,1852,2011,1897,Cloudy
2025-06-30,Maize,Kanpur,16.73,1082,1236,1195,Humid
2025-11-25,Rice,Lucknow,131.09,2149,2390,2232,Humid
2025-06-08,Onion,Delhi,215.54,1874,2262,2097,Foggy
2025-02-02,Rice,Kanpur,355.57,2252,2595,2302,Sunny
2025-06-13,Mustard,Jaipur,249.18,807,1599,1444,Rainy
2025-01-11,Rice,Lucknow,438.08,2467,3265,2881,Humid
2025-07-15,Mustard,Kanpur,107.97,1058,1281,1234,Sunny
2025-04-09,Potato,Bhopal,432.16,1327,1622,1543,Sunny
2025-10-03,Mustard,Indore,372.72,1758,2392,2118,Rainy
2025-05-11,Onion,Indore,181.39,2500,3186,2718,Humid
2025-09-15,Rice,Bhopal,43.72,1749,2394,2160,Humid
2025-06-24,Mustard,Delhi,286.41,1238,1727,1248,Rainy
2025-10-14,Potato,Delhi,231.27,1922,2354,2257,Sunny
2025-12-24,Wheat,Indore,308.94,2222,2869,2798,Humid
2025-12-07,Rice,Bhopal,223.79,805,1240,1149,Cloudy
2025-05-29,Potato,Kanpur,29.35,1684,1982,1740,Sunny
2025-07-11,Potato,Lucknow,73.24,1033,1360,1118,Rainy
2025-08-14,Mustard,Kanpur,371.15,1834,2090,2032,Foggy
2025-10-20,Potato,Jaipur,472.55,991,1521,1084,Sunny
2025-01-22,Maize,Jaipur,87.03,1019,1322,1179,Rainy
2025-06-02,Potato,Jaipur,440.68,1022,1509,1199,Cloudy
2025-10-03,Onion,Indore,224.89,1828,1949,1909,Humid
2025-05-31,Mustard,Lucknow,153.04,1784,2278,1990,Rainy
2025-12-14,Wheat,Kanpur,39.58,1364,2060,1789,Cloudy
2025-10-24,Rice,Indore,341.43,1433,1577,1489,Humid
2025-07-16,Rice,Bhopal,49.4,1979,2484,2223,Foggy
2025-12-29,Onion,Delhi,12.53,2254,2986,2361,Humid
2025-10-24,Maize,Lucknow,272.59,1243,1554,1522,Foggy
2025-08-18,Maize,Bhopal,204.72,1255,1530,1333,Cloudy
2025-06-19,Mustard,Delhi,66.36,822,1614,1393,Sunny
2025-09-02,Rice,Kanpur,481.16,1280,1820,1662,Rainy
2025-02-10,Maize,Kanpur,85.28,2215,2649,2559,Foggy
2025-04-02,Wheat,Kanpur,408.21,2307,2851,2535,Sunny
2025-03-03,Potato,Delhi,469.2,853,1085,918,Foggy
2025-08-16,Mustard,Bhopal,24.82,1178,1710,1295,Sunny
2025-11-13,Mustard,Delhi,476.53,1340,1554,1481,Sunny
2025-02-03,Rice,Kanpur,317.47,897,1549,974,Foggy
2025-05-06,Maize,Kanpur,425.9,2164,2395,2370,Rainy
2025-01-29,Wheat,Delhi,283.65,899,1095,975,Cloudy
2025-05-25,Wheat,Indore,383.15,2220,2682,2351,Foggy
2025-07-08,Onion,Kanpur,326.59,1367,1724,1560,Sunny
2025-02-14,Onion,Kanpur,194.28,1981,2097,1997,Rainy
2025-07-10,Onion,Bhopal,402.06,1088,1687,1291,Humid
2025-09-08,Onion,Indore,12.43,2292,2589,2460,Humid
2025-11-26,Maize,Jaipur,125.56,1200,1585,1271,Humid
2025-07-05,Rice,Kanpur,388.88,1342,1944,1935,Rainy
2025-12-19,Maize,Jaipur,33.78,1407,1729,1716,Cloudy
2025-11-02,Wheat,Indore,71.99,2345,2932,2790,Foggy
2025-01-28,Mustard,Indore,443.71,2496,3269,2649,Foggy
2025-07-10,Onion,Delhi,330.89,2325,2593,2514,Foggy
2025-02-26,Maize,Bhopal,292.65,2128,2497,2420,Humid
2025-03-26,Onion,Jaipur,101.77,2324,2912,2625,Cloudy
2025-10-23,Mustard,Delhi,223.98,827,1426,1246,Sunny
2025-11-02,Potato,Indore,22.28,2440,3119,2585,Foggy
2025-05-27,Maize,Delhi,333.54,892,1574,1216,Foggy
2025-09-12,Potato,Kanpur,484.91,1126,1578,1445,Sunny
2025-11-03,Onion,Lucknow,128.29,1355,2032,1566,Rainy
2025-03-05,Wheat,Delhi,415.44,1788,2269,1797,Rainy
2025-08-09,Potato,Kanpur,437.51,1633,1815,1636,Foggy
2025-02-02,Wheat,Jaipur,44.85,2020,2544,2252,Sunny
2025-10-02,Rice,Kanpur,148.18,1784,2199,1906,Humid
2025-06-01,Maize,Jaipur,83.94,1789,2266,1909,Foggy
2025-12-29,Mustard,Indore,379.17,2263,2696,2501,Cloudy
2025-02-21,Wheat,Bhopal,11.06,1191,1678,1467,Foggy
2025-02-24,Wheat,Jaipur,91.91,1930,2565,2276,Humid
2025-07-10,Potato,Bhopal,219.96,2428,3155,3065,Rainy
2025-12-16,Onion,Indore,433.11,2460,2752,2485,Foggy
2025-03-02,Maize,Bhopal,103.89,1789,1912,1790,Rainy
2025-05-20,Wheat,Bhopal,234.07,2450,2844,2782,Humid
2025-11-19,Onion,Delhi,349.74,1073,1782,1336,Cloudy
2025-07-16,Wheat,Jaipur,37.76,902,1672,1110,Sunny
2025-08-28,Maize,Jaipur,164.45,2381,3017,2586,Rainy
2025-09-02,Onion,Delhi,245.79,1698,2075,1852,Humid
2025-08-09,Wheat,Kanpur,407.38,2385,2516,2446,Humid
2025-10-02,Maize,Indore,198.51,2463,2565,2498,Cloudy
2025-01-28,Onion,Bhopal,155.07,1945,2578,2338,Cloudy
2025-02-27,Onion,Lucknow,337.79,2048,2480,2232,Foggy
2025-11-05,Mustard,Jaipur,347.48,937,1218,1172,Cloudy
2025-04-29,Wheat,Jaipur,292.48,1322,2081,1864,Sunny
2025-02-05,Potato,Delhi,239.48,2097,2694,2174,Rainy
2025-12-05,Mustard,Bhopal,457.86,1234,1638,1574,Sunny
2025-04-19,Wheat,Lucknow,208.87,1504,1994,1587,Humid
2025-11-03,Maize,Lucknow,193.16,1469,1874,1656,Humid
2025-10-12,Maize,Lucknow,391.48,936,1043,1002,Foggy
2025-11-17,Rice,Indore,486.84,2316,2670,2505,Rainy
2025-01-31,Potato,Lucknow,66.55,1528,1926,1885,Foggy
2025-03-13,Potato,Kanpur,17.76,2192,2398,2215,Foggy
2025-03-24,Wheat,Indore,187.19,1765,2466,2175,Rainy
2025-01-11,Mustard,Kanpur,98.45,2180,2537,2337,Foggy
2025-11-26,Onion,Jaipur,333.44,1184,1422,1303,Cloudy
2025-09-12,Wheat,Kanpur,485.65,1736,1928,1790,Cloudy
2025-09-01,Wheat,Bhopal,450.24,2183,2876,2615,Humid
2025-09-26,Mustard,Lucknow,14.62,2203,2516,2500,Rainy
2025-05-17,Wheat,Delhi,36.49,1580,2297,1834,Rainy
2025-06-11,Onion,Delhi,110.16,1244,1438,1348,Foggy
2025-06-18,Rice,Jaipur,122.11,1782,2231,1999,Cloudy
2025-09-28,Onion,Delhi,193.7,2347,3040,2541,Humid
2025-01-23,Maize,Delhi,305.46,896,1396,1210,Cloudy
2025-12-13,Maize,Bhopal,464.1,2257,2365,2347,Sunny
2025-07-17,Onion,Indore,491.43,1791,2385,1949,Foggy
2025-07-18,Onion,Indore,327.05,2252,2812,2674,Humid
2025-02-18,Onion,Indore,45.96,1385,1746,1485,Cloudy
2025-07-02,Rice,Lucknow,407.77,1822,2168,2046,Humid
2025-02-20,Maize,Bhopal,353.75,1878,2074,2051,Cloudy
2025-07-16,Mustard,Indore,139.32,1093,1809,1219,Rainy
2025-01-11,Mustard,Bhopal,410.11,820,1354,1287,Sunny
2025-10-18,Potato,Kanpur,167.87,2426,3019,2992,Sunny
2025-02-08,Mustard,Delhi,399.06,1536,1811,1788,Foggy
2025-01-21,Rice,Lucknow,143.33,1599,1906,1718,Rainy
2025-06-07,Potato,Jaipur,439.69,1111,1602,1122,Foggy
2025-03-08,Maize,Bhopal,381.1,1207,1359,1340,Sunny
2025-07-09,Wheat,Bhopal,241.71,1057,1337,1180,Foggy
2025-10-02,Rice,Lucknow,241.91,2198,2927,2580,Cloudy
2025-06-07,Mustard,Delhi,359.14,1863,2077,1875,Cloudy
2025-12-06,Mustard,Indore,243.51,2467,3074,2774,Foggy
2025-04-10,Potato,Lucknow,128.37,1447,2239,2048,Rainy
2025-04-20,Mustard,Delhi,198.39,1478,2217,1665,Cloudy
2025-02-01,Potato,Lucknow,309.59,1340,1938,1671,Humid
2025-08-12,Maize,Kanpur,192.12,1920,2645,2379,Sunny
2025-01-28,Onion,Delhi,428.05,2301,2473,2310,Cloudy
2025-10-10,Mustard,Kanpur,86.83,1666,2045,1874,Humid
2025-06-22,Wheat,Indore,158.75,1661,1976,1943,Sunny
2025-07-22,Mustard,Delhi,20.74,1753,2061,1763,Humid
2025-09-09,Rice,Bhopal,348.32,2366,2791,2415,Rainy
2025-07-15,Potato,Lucknow,164.99,1398,1774,1429,Rainy
2025-07-19,Rice,Bhopal,55.49,1775,2085,1803,Rainy
2025-02-16,Mustard,Indore,183.09,1868,2318,2221,Cloudy
2025-01-23,Mustard,Bhopal,210.82,1687,2162,1984,Foggy
2025-12-18,Potato,Indore,446.98,2498,3107,3094,Cloudy
2025-04-25,Mustard,Lucknow,61.54,993,1122,1013,Humid
2025-03-23,Potato,Lucknow,121.26,1836,2111,1857,Sunny
2025-10-26,Rice,Bhopal,127.64,1670,2156,1911,Sunny
2025-09-22,Rice,Kanpur,243.68,2404,2886,2420,Sunny
2025-02-06,Rice,Lucknow,159.91,2330,2840,2773,Humid
2025-08-26,Wheat,Delhi,152.16,1979,2603,2530,Rainy
2025-01-05,Mustard,Kanpur,398.79,2285,2727,2300,Foggy
2025-04-22,Mustard,Lucknow,19.07,1469,1811,1582,Sunny
2025-04-27,Potato,Kanpur,261.44,2206,2611,2334,Sunny
2025-11-30,Rice,Jaipur,195.86,842,1055,955,Cloudy
2025-06-13,Wheat,Jaipur,326.15,1112,1723,1345,Humid
2025-11-13,Rice,Delhi,65.17,1674,2085,1852,Sunny
2025-12-03,Potato,Kanpur,209.58,1318,1817,1346,Rainy
2025-09-17,Potato,Jaipur,204.41,1927,2719,1977,Sunny
2025-05-23,Rice,Bhopal,494.82,2362,2909,2437,Humid
2025-12-03,Maize,Lucknow,10.86,1321,1778,1361,Rainy
2025-07-06,Potato,Delhi,338.58,2127,2542,2464,Cloudy
2025-04-30,Onion,Kanpur,215.58,963,1629,1614,Sunny
2025-11-24,Potato,Delhi,264.02,1036,1218,1066,Cloudy
2025-05-24,Onion,Indore,144.05,1537,1750,1748,Cloudy
2025-07-08,Rice,Delhi,170.77,1451,2136,1723,Cloudy
2025-12-09,Potato,Kanpur,37.76,1843,2635,1888,Cloudy
2025-10-07,Onion,Jaipur,300.33,1143,1415,1284,Sunny
2025-02-19,Maize,Jaipur,169.07,1370,2052,2003,Humid
2025-10-26,Maize,Jaipur,119.62,1122,1665,1178,Foggy
2025-09-16,Maize,Kanpur,469.76,2159,2437,2218,Sunny
2025-09-18,Onion,Bhopal,326.18,1375,1551,1551,Sunny
2025-08-15,Onion,Indore,199.03,806,940,842,Sunny
2025-04-08,Onion,Indore,436.4,1937,2518,2029,Rainy
2025-05-08,Maize,Kanpur,120.83,1772,2304,2034,Humid
2025-10-18,Onion,Indore,410.76,1486,1798,1704,Rainy
2025-08-11,Wheat,Bhopal,297.46,1195,1808,1299,Humid
2025-09-03,Rice,Delhi,55.24,977,1341,1237,Foggy
2025-09-07,Wheat,Jaipur,154.19,1456,1918,1764,Rainy
2025-06-03,Potato,Kanpur,476.26,1926,2121,1987,Humid
2025-09-27,Rice,Lucknow,25.39,2117,2688,2537,Sunny
2025-10-29,Onion,Delhi,55.11,1461,1953,1533,Cloudy
2025-09-06,Potato,Lucknow,142.63,2368,2487,2458,Rainy
2025-09-02,Mustard,Indore,49.23,1169,1516,1270,Humid
2025-08-12,Mustard,Kanpur,349.27,2402,3145,2756,Sunny
2025-11-16,Maize,Indore,44.63,1876,2373,2278,Cloudy
2025-06-10,Onion,Jaipur,237.76,1192,1644,1209,Rainy
2025-07-19,Rice,Indore,296.19,1716,1926,1810,Rainy
2025-05-01,Onion,Jaipur,339.87,2190,2822,2495,Sunny
2025-04-08,Maize,Jaipur,303.12,1192,1809,1330,Sunny
2025-06-14,Rice,Bhopal,295.68,943,1571,1399,Foggy
2025-10-16,Wheat,Indore,473.39,1530,1731,1691,Foggy
2025-08-14,Onion,Indore,414.38,1045,1439,1127,Humid
2025-12-13,Onion,Bhopal,351.99,1853,2312,2295,Cloudy
2025-04-16,Potato,Indore,187.01,2398,2538,2430,Cloudy
2025-04-08,Onion,Jaipur,316.27,927,1495,1006,Cloudy
2025-12-18,Rice,Jaipur,108.46,1513,1781,1761,Rainy
2025-11-12,Rice,Bhopal,297.6,884,1037,992,Sunny
2025-01-22,Maize,Lucknow,353.06,1108,1403,1185,Humid
2025-02-25,Potato,Jaipur,330.21,1700,2373,2022,Sunny
2025-12-28,Wheat,Indore,468.05,2474,3149,2913,Humid
2025-10-25,Wheat,Lucknow,156.35,2313,3065,2583,Cloudy
2025-07-01,Maize,Delhi,486.32,1679,1885,1787,Cloudy
2025-04-26,Mustard,Jaipur,496.26,868,1317,1246,Humid
2025-07-22,Potato,Lucknow,47.58,2159,2738,2284,Humid
2025-06-25,Mustard,Kanpur,175.82,1796,2361,1987,Humid
2025-05-26,Onion,Jaipur,151.66,1148,1504,1329,Cloudy
2025-09-04,Wheat,Jaipur,406.11,2241,2651,2251,Humid
2025-04-19,Wheat,Kanpur,170.88,1263,1573,1486,Humid
2025-07-28,Wheat,Indore,235.42,2290,2553,2456,Rainy
2025-05-06,Potato,Lucknow,259.04,977,1361,1261,Foggy
2025-04-15,Maize,Lucknow,185.53,2360,2987,2467,Humid
2025-01-07,Onion,Indore,477.31,2169,2607,2431,Rainy
2025-02-06,Wheat,Jaipur,177.04,2298,2712,2551,Rainy
2025-02-08,Potato,Delhi,41.33,2418,3068,2917,Cloudy
2025-11-04,Onion,Delhi,409.13,1071,1359,1258,Rainy
2025-07-22,Potato,Kanpur,174.42,1856,2342,2057,Humid
2025-03-18,Mustard,Bhopal,204.83,2044,2582,2517,Rainy
2025-03-16,Mustard,Delhi,284.91,2266,2446,2329,Cloudy
2025-07-06,Rice,Jaipur,233.27,1307,2034,1461,Foggy
2025-10-13,Onion,Delhi,355.4,1338,2113,1360,Foggy
2025-06-01,Maize,Delhi,412.96,1819,2254,1848,Humid
2025-03-08,Rice,Kanpur,400.74,825,1521,1231,Cloudy
2025-03-12,Wheat,Bhopal,62.37,1583,1712,1604,Rainy
2025-01-02,Onion,Bhopal,12.98,2287,2894,2422,Cloudy
2025-05-30,Wheat,Indore,403.59,1866,2147,2103,Humid
2025-08-03,Rice,Kanpur,274.16,1565,1920,1578,Humid
2025-11-24,Potato,Delhi,269.2,1772,2366,2317,Foggy
2025-01-24,Mustard,Jaipur,12.8,903,1301,1151,Humid
2025-07-08,Onion,Delhi,224.57,1895,2563,2120,Sunny
2025-09-19,Potato,Delhi,179.88,927,1397,1361,Foggy
2025-08-11,Wheat,Delhi,142.14,1998,2758,2713,Cloudy
2025-06-17,Rice,Kanpur,202.9,1838,2438,1951,Sunny
2025-02-21,Rice,Lucknow,385.26,1716,2205,2106,Cloudy
2025-11-16,Wheat,Indore,132.63,1086,1264,1221,Foggy
2025-10-14,Wheat,Delhi,69.62,869,1454,1083,Rainy
2025-02-09,Rice,Jaipur,388.77,1691,2278,2202,Rainy
2025-05-30,Rice,Kanpur,380.52,1465,1923,1885,Cloudy
2025-10-09,Potato,Lucknow,223.12,2101,2217,2123,Humid
2025-07-04,Onion,Lucknow,329.32,1909,2642,2443,Sunny
2025-02-06,Onion,Lucknow,375.94,2020,2340,2274,Rainy
2025-04-14,Potato,Delhi,436.93,1944,2652,2242,Rainy
2025-05-02,Mustard,Jaipur,379.11,855,1486,1363,Rainy
2025-03-21,Mustard,Delhi,173.78,1740,2234,1893,Cloudy
2025-10-13,Potato,Jaipur,54.56,1277,1933,1295,Rainy
2025-06-21,Mustard,Jaipur,18.47,1958,2495,2350,Sunny
2025-12-04,Maize,Jaipur,309.64,904,1493,1209,Cloudy
2025-04-24,Mustard,Jaipur,178.11,2388,2553,2510,Cloudy
2025-05-29,Potato,Kanpur,200.66,1539,2307,2019,Cloudy
2025-10-09,Rice,Lucknow,481.08,2449,3005,2817,Humid
2025-12-29,Mustard,Delhi,487.03,1445,1960,1887,Sunny
2025-10-08,Rice,Indore,43.18,1774,2559,1814,Foggy
2025-09-15,Potato,Kanpur,226.15,2195,2967,2793,Sunny
2025-07-10,Mustard,Indore,405.77,2218,2961,2365,Cloudy
2025-04-11,Maize,Lucknow,27.16,991,1576,1057,Sunny
2025-11-09,Onion,Lucknow,237.81,2455,2852,2555,Cloudy
2025-08-13,Rice,Indore,240.37,1798,2270,1969,Humid
2025-01-15,Wheat,Kanpur,396.36,2006,2156,2060,Rainy
2025-03-26,Mustard,Delhi,82.08,2194,2436,2380,Cloudy
2025-10-08,Mustard,Lucknow,441.28,2284,2920,2814,Rainy
2025-07-26,Potato,Kanpur,491.64,1546,1973,1584,Humid
2025-12-29,Wheat,Lucknow,56.33,2122,2252,2132,Cloudy
2025-10-05,Maize,Bhopal,420.25,2038,2151,2072,Foggy
2025-03-19,Rice,Indore,223.96,2204,2461,2324,Sunny
2025-04-12,Wheat,Indore,269.72,1491,2003,1884,Cloudy
2025-03-04,Rice,Bhopal,316.49,1011,1309,1272,Rainy
2025-10-03,Onion,Bhopal,369.88,1981,2521,2074,Sunny
2025-09-01,Potato,Bhopal,420.65,2431,3167,2834,Foggy
2025-07-13,Wheat,Indore,128.66,1198,1432,1379,Humid
2025-12-09,Onion,Lucknow,142.17,2103,2773,2463,Rainy
2025-07-15,Rice,Lucknow,116.77,2041,2804,2412,Foggy
2025-07-17,Maize,Lucknow,386.67,858,1039,985,Sunny
2025-05-10,Mustard,Kanpur,284.78,2343,2863,2374,Cloudy
2025-10-24,Rice,Bhopal,446.35,1388,1794,1558,Humid
2025-04-16,Maize,Bhopal,496.07,1775,2022,1840,Foggy
2025-04-15,Maize,Bhopal,101.92,1028,1762,1246,Humid
2025-09-12,Rice,Lucknow,264.33,890,1408,1143,Foggy
2025-11-06,Wheat,Indore,128.88,1589,1772,1656,Sunny
2025-09-10,Wheat,Indore,499.53,2448,3038,2630,Rainy
2025-02-14,Mustard,Bhopal,235.46,1029,1665,1360,Foggy
2025-01-17,Rice,Lucknow,218.12,1397,1843,1783,Humid
2025-03-03,Wheat,Indore,126.22,2192,2650,2212,Sunny
2025-11-08,Mustard,Kanpur,483.74,1488,1666,1602,Rainy
2025-03-22,Wheat,Bhopal,311.38,1570,2318,1694,Rainy
2025-08-11,Wheat,Jaipur,230.81,1413,1786,1474,Humid
2025-04-21,Mustard,Indore,45.45,1194,1891,1717,Foggy
2025-10-29,Wheat,Indore,201.01,901,1621,901,Humid
2025-10-30,Mustard,Indore,458.01,1260,1608,1493,Foggy
2025-12-09,Wheat,Bhopal,34.93,845,1364,1132,Humid
2025-12-27,Onion,Delhi,469.05,1832,2007,1972,Rainy
2025-08-19,Onion,Jaipur,309.83,2330,2798,2564,Cloudy
2025-12-17,Wheat,Indore,400.9,904,1481,1079,Cloudy
2025-01-13,Maize,Indore,39.22,1449,1707,1575,Humid
2025-03-18,Maize,Lucknow,499.75,1629,2002,1896,Cloudy
2025-04-30,Maize,Lucknow,115.5,983,1396,1281,Rainy
